INSERT INTO Nodes VALUES('00000000-0000-0000-0000-000000000000', 'Addiction Recovery Program', 'Practice',, , 2);
INSERT INTO Nodes VALUES('00000000-0000-0000-0000-000000000001', 'Admitting/Registration', 'Practice',, , 1);
INSERT INTO Nodes VALUES('00000000-0000-0000-0000-000000000002', 'Allergy ', 'Practice',, , 4);
INSERT INTO Nodes VALUES('00000000-0000-0000-0000-000000000003', 'Arthritis Center', 'Practice',, , 4);
INSERT INTO Nodes VALUES('00000000-0000-0000-0000-000000000004', 'ATM ', 'Service',, , 3);
INSERT INTO Nodes VALUES('00000000-0000-0000-0000-000000000005', 'Atrium Café', 'Service',, , 1);
INSERT INTO Nodes VALUES('00000000-0000-0000-0000-000000000006', 'Audiology', 'Practice',, , 1);
INSERT INTO Nodes VALUES('00000000-0000-0000-0000-000000000007', 'Boston ENT Associates', 'Practice',, , 5);
INSERT INTO Nodes VALUES('00000000-0000-0000-0000-000000000008', 'Breast Center', 'Practice',, , );
INSERT INTO Nodes VALUES('00000000-0000-0000-0000-000000000009', 'Brigham and Womens Primary Physicians', 'Practice',, , 4);
INSERT INTO Nodes VALUES('00000000-0000-0000-0000-000000000010', 'Brigham Dermatology Associates', 'Practice',, , 5);
INSERT INTO Nodes VALUES('00000000-0000-0000-0000-000000000011', 'Cafeteria', 'Service',, , 3);
INSERT INTO Nodes VALUES('00000000-0000-0000-0000-000000000012', 'Cardiac Rehabilitation', 'Practice',, , 1);
INSERT INTO Nodes VALUES('00000000-0000-0000-0000-000000000013', 'Cardiology', 'Practice',, , 4);
INSERT INTO Nodes VALUES('00000000-0000-0000-0000-000000000014', 'Case Management', 'Service',, , 6);
INSERT INTO Nodes VALUES('00000000-0000-0000-0000-000000000015', 'Center for Metabolic Health and Bariatric Surgery', 'Practice',, , 5);
INSERT INTO Nodes VALUES('00000000-0000-0000-0000-000000000016', 'Center for Preoperative Evaluation', 'Practice',, , 1);
INSERT INTO Nodes VALUES('00000000-0000-0000-0000-000000000017', 'Center for Weight Management and Metabolic Surgery', 'Practice',, , 5);
INSERT INTO Nodes VALUES('00000000-0000-0000-0000-000000000018', 'Chapel and Chaplaincy Services', 'Practice',, , 3);
INSERT INTO Nodes VALUES('00000000-0000-0000-0000-000000000019', 'Colorectal Surgery', 'Practice',, , 5);
INSERT INTO Nodes VALUES('00000000-0000-0000-0000-000000000020', 'Diabetes Program', 'Practice',, , 5);
INSERT INTO Nodes VALUES('00000000-0000-0000-0000-000000000021', 'Dialysis Clinic', 'Practice',, , );
INSERT INTO Nodes VALUES('00000000-0000-0000-0000-000000000022', 'Doherty Conference Room', 'Practice',, , 4);
INSERT INTO Nodes VALUES('00000000-0000-0000-0000-000000000023', 'Emergency Department', 'Practice',, , 1);
INSERT INTO Nodes VALUES('00000000-0000-0000-0000-000000000024', 'Endocrinology  ', 'Practice',, , 4);
INSERT INTO Nodes VALUES('00000000-0000-0000-0000-000000000025', 'Eye Care Specialists ', 'Practice',, , 3);
INSERT INTO Nodes VALUES('00000000-0000-0000-0000-000000000026', 'Family Care Associates', 'Practice',, , 5);
INSERT INTO Nodes VALUES('00000000-0000-0000-0000-000000000027', 'Foot and Ankle Center  ', 'Practice',, , 5);
INSERT INTO Nodes VALUES('00000000-0000-0000-0000-000000000028', 'Gastroenterology  ', 'Practice',, , 4);
INSERT INTO Nodes VALUES('00000000-0000-0000-0000-000000000029', 'Gastroenterology Associates ', 'Practice',, , 4);
INSERT INTO Nodes VALUES('00000000-0000-0000-0000-000000000030', 'General Surgery  ', 'Practice',, , 5);
INSERT INTO Nodes VALUES('00000000-0000-0000-0000-000000000031', 'Geriatrics/Senior Health', 'Practice',, , 4);
INSERT INTO Nodes VALUES('00000000-0000-0000-0000-000000000032', 'GI Endoscopy', 'Practice',, , 1);
INSERT INTO Nodes VALUES('00000000-0000-0000-0000-000000000033', 'Gift Shop', 'Service',, , 3);
INSERT INTO Nodes VALUES('00000000-0000-0000-0000-000000000034', 'Hand and Upper Extremity Center', 'Practice',, , 5);
INSERT INTO Nodes VALUES('00000000-0000-0000-0000-000000000035', 'Headache Center', 'Practice',, , 4);
INSERT INTO Nodes VALUES('00000000-0000-0000-0000-000000000036', 'Hematology', 'Practice',, , 4);
INSERT INTO Nodes VALUES('00000000-0000-0000-0000-000000000037', 'Human Resources', 'Practice',, , 7);
INSERT INTO Nodes VALUES('00000000-0000-0000-0000-000000000038', 'Huvos Auditorium', 'Practice',, , 3);
INSERT INTO Nodes VALUES('00000000-0000-0000-0000-000000000039', 'ICU', 'Practice',, , 5);
INSERT INTO Nodes VALUES('00000000-0000-0000-0000-000000000040', 'Infectious Diseases ', 'Practice',, , 4);
INSERT INTO Nodes VALUES('00000000-0000-0000-0000-000000000041', 'Information', 'Service',, , 1);
INSERT INTO Nodes VALUES('00000000-0000-0000-0000-000000000042', 'Inpatient Hemodialysis', 'Practice',, , 5);
INSERT INTO Nodes VALUES('00000000-0000-0000-0000-000000000043', 'Interpreter Services', 'Service',, , 4);
INSERT INTO Nodes VALUES('00000000-0000-0000-0000-000000000044', 'John R. Graham Headache Center ', 'Practice',, , 4);
INSERT INTO Nodes VALUES('00000000-0000-0000-0000-000000000045', 'Laboratory', 'Practice',, , 1);
INSERT INTO Nodes VALUES('00000000-0000-0000-0000-000000000046', 'Mammography', 'Practice',, , );
INSERT INTO Nodes VALUES('00000000-0000-0000-0000-000000000047', 'Mary Ann Tynan Conference Rooms', 'Practice',, , 4);
INSERT INTO Nodes VALUES('00000000-0000-0000-0000-000000000048', 'Medical Library', 'Practice',, , 4);
INSERT INTO Nodes VALUES('00000000-0000-0000-0000-000000000049', 'Medical Records ', 'Practice',, , 4);
INSERT INTO Nodes VALUES('00000000-0000-0000-0000-000000000050', 'Medical Specialties', 'Practice',, , 4);
INSERT INTO Nodes VALUES('00000000-0000-0000-0000-000000000051', 'Mens Health Center', 'Practice',, , 4);
INSERT INTO Nodes VALUES('00000000-0000-0000-0000-000000000052', 'Mohs and Dermatologic Surgery ', 'Practice',, , 4);
INSERT INTO Nodes VALUES('00000000-0000-0000-0000-000000000053', 'Neurology  ', 'Practice',, , 4);
INSERT INTO Nodes VALUES('00000000-0000-0000-0000-000000000054', 'Neurology/Sleep Division', 'Practice',, , 4);
INSERT INTO Nodes VALUES('00000000-0000-0000-0000-000000000055', 'Neurosurgery', 'Practice',, , 5);
INSERT INTO Nodes VALUES('00000000-0000-0000-0000-000000000056', 'Nutrition - Weight Loss Surgery', 'Practice',, , 5);
INSERT INTO Nodes VALUES('00000000-0000-0000-0000-000000000057', 'Nutrition Clinic', 'Practice',, , 5);
INSERT INTO Nodes VALUES('00000000-0000-0000-0000-000000000058', 'Obstetrics and Gynecology Associates', 'Practice',, , 3);
INSERT INTO Nodes VALUES('00000000-0000-0000-0000-000000000059', 'Orthopaedics Associates', 'Practice',, , 5);
INSERT INTO Nodes VALUES('00000000-0000-0000-0000-000000000060', 'Orthopedics Center', 'Practice',, , 5);
INSERT INTO Nodes VALUES('00000000-0000-0000-0000-000000000061', 'Otolaryngology', 'Practice',, , 2);
INSERT INTO Nodes VALUES('00000000-0000-0000-0000-000000000062', 'Outpatient Infusion Center', 'Practice',, , 5);
INSERT INTO Nodes VALUES('00000000-0000-0000-0000-000000000063', 'Pain Management Center', 'Practice',, , 7);
INSERT INTO Nodes VALUES('00000000-0000-0000-0000-000000000064', 'Pariser Conference Room', 'Practice',, , 6);
INSERT INTO Nodes VALUES('00000000-0000-0000-0000-000000000065', 'Patient Financial Services', 'Service',, , 1);
INSERT INTO Nodes VALUES('00000000-0000-0000-0000-000000000066', 'Patient Relations', 'Service',, , 3);
INSERT INTO Nodes VALUES('00000000-0000-0000-0000-000000000067', 'Physical Therapy', 'Practice',, , 2);
INSERT INTO Nodes VALUES('00000000-0000-0000-0000-000000000068', 'Plastic Surgery', 'Practice',, , 2);
INSERT INTO Nodes VALUES('00000000-0000-0000-0000-000000000069', 'Psychiatry', 'Practice',, , 2);
INSERT INTO Nodes VALUES('00000000-0000-0000-0000-000000000070', 'Psychology - Weight Loss Surgery', 'Practice',, , 5);
INSERT INTO Nodes VALUES('00000000-0000-0000-0000-000000000071', 'Pulmonary  ', 'Practice',, , 4);
INSERT INTO Nodes VALUES('00000000-0000-0000-0000-000000000072', 'Radiology', 'Practice',, , 1);
INSERT INTO Nodes VALUES('00000000-0000-0000-0000-000000000073', 'Rehabilitation Services', 'Practice',, , 2);
INSERT INTO Nodes VALUES('00000000-0000-0000-0000-000000000074', 'Renal  ', 'Practice',, , 4);
INSERT INTO Nodes VALUES('00000000-0000-0000-0000-000000000075', 'Rheumatology Center', 'Practice',, , 4);
INSERT INTO Nodes VALUES('00000000-0000-0000-0000-000000000076', 'Roslindale Pediatric Associates ', 'Practice',, , 3);
INSERT INTO Nodes VALUES('00000000-0000-0000-0000-000000000077', 'Sadowsky Conference Room', 'Practice',, , 4);
INSERT INTO Nodes VALUES('00000000-0000-0000-0000-000000000078', 'Sagoff Breast Imaging and Diagnostic Center', 'Practice',, , );
INSERT INTO Nodes VALUES('00000000-0000-0000-0000-000000000079', 'Saslow Conference Room', 'Practice',, , 4);
INSERT INTO Nodes VALUES('00000000-0000-0000-0000-000000000080', 'Sleep Medicine and Endocrinology Center', 'Practice',, , 5);
INSERT INTO Nodes VALUES('00000000-0000-0000-0000-000000000081', 'Sleep Testing Center                     ', 'Practice',, , 5);
INSERT INTO Nodes VALUES('00000000-0000-0000-0000-000000000082', 'Social Work', 'Service',, , 4);
INSERT INTO Nodes VALUES('00000000-0000-0000-0000-000000000083', 'Special Testing', 'Practice',, , 1);
INSERT INTO Nodes VALUES('00000000-0000-0000-0000-000000000084', 'Spine Center', 'Practice',, , 5);
INSERT INTO Nodes VALUES('00000000-0000-0000-0000-000000000085', 'Suburban Eye Specialists ', 'Practice',, , 3);
INSERT INTO Nodes VALUES('00000000-0000-0000-0000-000000000086', 'Surgical Specialties', 'Practice',, , 5);
INSERT INTO Nodes VALUES('00000000-0000-0000-0000-000000000087', 'Taiclet Family Center', 'Practice',, , 1);
INSERT INTO Nodes VALUES('00000000-0000-0000-0000-000000000088', 'Urology', 'Practice',, , 4);
INSERT INTO Nodes VALUES('00000000-0000-0000-0000-000000000089', 'Valet Parking', 'Service',, , 1);
INSERT INTO Nodes VALUES('00000000-0000-0000-0000-000000000090', 'Vascular Surgery  ', 'Practice',, , 5);
INSERT INTO Nodes VALUES('00000000-0000-0000-0000-000000000091', 'Volunteer Services', 'Service',, , 3);


INSERT INTO Providers Values('00000000-0000-0000-0001-00000000000', 'Alqueza, Arnold; MD  ');
INSERT INTO Providers Values('00000000-0000-0000-0001-00000000001', 'Altschul, Nomee; PA-C');
INSERT INTO Providers Values('00000000-0000-0000-0001-00000000002', 'Andromalos, Laura; RD, LDN ');
INSERT INTO Providers Values('00000000-0000-0000-0001-00000000003', 'Angell, Trevor; MD');
INSERT INTO Providers Values('00000000-0000-0000-0001-00000000004', 'Ariagno, Meghan; RD, LDN');
INSERT INTO Providers Values('00000000-0000-0000-0001-00000000005', 'Ash, Samuel; MD');
INSERT INTO Providers Values('00000000-0000-0000-0001-00000000006', 'Bachman, William; MD');
INSERT INTO Providers Values('00000000-0000-0000-0001-00000000007', 'Balash, Eva; MD');
INSERT INTO Providers Values('00000000-0000-0000-0001-00000000008', 'Barbie, Thanh; MD');
INSERT INTO Providers Values('00000000-0000-0000-0001-00000000009', 'Barr, Joseph Jr., MD');
INSERT INTO Providers Values('00000000-0000-0000-0001-00000000010', 'Batool-Anwar, Salma; MD, MPH');
INSERT INTO Providers Values('00000000-0000-0000-0001-00000000011', 'Belkin, Michael; MD');
INSERT INTO Providers Values('00000000-0000-0000-0001-00000000012', 'Berman, Stephanie; MD');
INSERT INTO Providers Values('00000000-0000-0000-0001-00000000013', 'Bernstein, Carolyn; MD');
INSERT INTO Providers Values('00000000-0000-0000-0001-00000000014', 'Bhasin, Shalender; MD');
INSERT INTO Providers Values('00000000-0000-0000-0001-00000000015', 'Bhattacharyya, Shamik; MD');
INSERT INTO Providers Values('00000000-0000-0000-0001-00000000016', 'Blazar, Phil; MD');
INSERT INTO Providers Values('00000000-0000-0000-0001-00000000017', 'Bluman, Eric; MD');
INSERT INTO Providers Values('00000000-0000-0000-0001-00000000018', 'Boatwright, Giuseppina; MS, RD, LDN');
INSERT INTO Providers Values('00000000-0000-0000-0001-00000000019', 'Bonaca, Marc; MD');
INSERT INTO Providers Values('00000000-0000-0000-0001-00000000020', 'Bono, Christopher; MD');
INSERT INTO Providers Values('00000000-0000-0000-0001-00000000021', 'Brick, Gregory; MD');
INSERT INTO Providers Values('00000000-0000-0000-0001-00000000022', 'Budhiraja, Rohit; MD');
INSERT INTO Providers Values('00000000-0000-0000-0001-00000000023', 'Burch, Rebecca; MD');
INSERT INTO Providers Values('00000000-0000-0000-0001-00000000024', 'Butler, Matthew; DPM');
INSERT INTO Providers Values('00000000-0000-0000-0001-00000000025', 'Byrne, Jennifer; RN, CPNP');
INSERT INTO Providers Values('00000000-0000-0000-0001-00000000026', 'Cahan, David; MD');
INSERT INTO Providers Values('00000000-0000-0000-0001-00000000027', 'Caplan, Laura; PA-C');
INSERT INTO Providers Values('00000000-0000-0000-0001-00000000028', 'Cardet, Juan Carlos; MD');
INSERT INTO Providers Values('00000000-0000-0000-0001-00000000029', 'Cardin, Kristin; NP');
INSERT INTO Providers Values('00000000-0000-0000-0001-00000000030', 'Carleen, Mary Anne; PA-C');
INSERT INTO Providers Values('00000000-0000-0000-0001-00000000031', 'Carty, Matthew; MD');
INSERT INTO Providers Values('00000000-0000-0000-0001-00000000032', 'Caterson, Stephanie; MD');
INSERT INTO Providers Values('00000000-0000-0000-0001-00000000033', 'Chahal, Katie; PA-C');
INSERT INTO Providers Values('00000000-0000-0000-0001-00000000034', 'Chan, Walter; MD');
INSERT INTO Providers Values('00000000-0000-0000-0001-00000000035', 'Chiodo, Christopher; MD');
INSERT INTO Providers Values('00000000-0000-0000-0001-00000000036', 'Chun, Yoon Sun; MD');
INSERT INTO Providers Values('00000000-0000-0000-0001-00000000037', 'Clark, Roger; DO');
INSERT INTO Providers Values('00000000-0000-0000-0001-00000000038', 'Cochrane, Thomas; MD');
INSERT INTO Providers Values('00000000-0000-0000-0001-00000000039', 'Conant, Alene; MD');
INSERT INTO Providers Values('00000000-0000-0000-0001-00000000040', 'Connell, Nathan; MD');
INSERT INTO Providers Values('00000000-0000-0000-0001-00000000041', 'Copello, Maria; MD');
INSERT INTO Providers Values('00000000-0000-0000-0001-00000000042', 'Corrales, Carleton Eduardo; MD');
INSERT INTO Providers Values('00000000-0000-0000-0001-00000000043', 'Cotter, Lindsay; LICSW');
INSERT INTO Providers Values('00000000-0000-0000-0001-00000000044', 'Cua, Christopher; MD');
INSERT INTO Providers Values('00000000-0000-0000-0001-00000000045', 'DAmbrosio, Carolyn; MD');
INSERT INTO Providers Values('00000000-0000-0000-0001-00000000046', 'Dave, Jatin; MD');
INSERT INTO Providers Values('00000000-0000-0000-0001-00000000047', 'Davidson, Paul; PhD');
INSERT INTO Providers Values('00000000-0000-0000-0001-00000000048', 'Dawson, Courtney; MD');
INSERT INTO Providers Values('00000000-0000-0000-0001-00000000049', 'Divito, Sherrie, MD; PhD');
INSERT INTO Providers Values('00000000-0000-0000-0001-00000000050', 'Doherty, Meghan; LCSW');
INSERT INTO Providers Values('00000000-0000-0000-0001-00000000051', 'Dominici, Laura; MD');
INSERT INTO Providers Values('00000000-0000-0000-0001-00000000052', 'Dowd, Erin; LICSW');
INSERT INTO Providers Values('00000000-0000-0000-0001-00000000053', 'Drew, Michael; MD');
INSERT INTO Providers Values('00000000-0000-0000-0001-00000000054', 'Drewniak, Stephen; MD');
INSERT INTO Providers Values('00000000-0000-0000-0001-00000000055', 'Duggan, Margaret; MD');
INSERT INTO Providers Values('00000000-0000-0000-0001-00000000056', 'Dyer, George; MD');
INSERT INTO Providers Values('00000000-0000-0000-0001-00000000057', 'Earp, Brandon; MD');
INSERT INTO Providers Values('00000000-0000-0000-0001-00000000058', 'Eatman, Arlan; LCSW');
INSERT INTO Providers Values('00000000-0000-0000-0001-00000000059', 'Epstein, Lawrence; MD');
INSERT INTO Providers Values('00000000-0000-0000-0001-00000000060', 'Ermann, Joerg; MD');
INSERT INTO Providers Values('00000000-0000-0000-0001-00000000061', 'Fanta, Christopher; MD');
INSERT INTO Providers Values('00000000-0000-0000-0001-00000000062', 'Fitz, Wolfgang; MD');
INSERT INTO Providers Values('00000000-0000-0000-0001-00000000063', 'Frangieh, George; MD');
INSERT INTO Providers Values('00000000-0000-0000-0001-00000000064', 'Frangos, Jason; MD');
INSERT INTO Providers Values('00000000-0000-0000-0001-00000000065', 'Friedman, Pamela; PsyD, ABPP');
INSERT INTO Providers Values('00000000-0000-0000-0001-00000000066', 'Fromson, John; MD');
INSERT INTO Providers Values('00000000-0000-0000-0001-00000000067', 'Goldman, Jill; MD');
INSERT INTO Providers Values('00000000-0000-0000-0001-00000000068', 'Greenberg, James Adam; MD');
INSERT INTO Providers Values('00000000-0000-0000-0001-00000000069', 'Groden, Joseph; MD');
INSERT INTO Providers Values('00000000-0000-0000-0001-00000000070', 'Groff, Michael; MD');
INSERT INTO Providers Values('00000000-0000-0000-0001-00000000071', 'Grossi, Lisa; RN, MS, CPNP');
INSERT INTO Providers Values('00000000-0000-0000-0001-00000000072', 'Haimovici, Florina; MD');
INSERT INTO Providers Values('00000000-0000-0000-0001-00000000073', 'Hajj, Micheline; RN');
INSERT INTO Providers Values('00000000-0000-0000-0001-00000000074', 'Halperin, Florencia; MD');
INSERT INTO Providers Values('00000000-0000-0000-0001-00000000075', 'Halvorson, Eric; MD');
INSERT INTO Providers Values('00000000-0000-0000-0001-00000000076', 'Harris, Mitchel; MD');
INSERT INTO Providers Values('00000000-0000-0000-0001-00000000077', 'Hartigan, Joseph; DPM');
INSERT INTO Providers Values('00000000-0000-0000-0001-00000000078', 'Hartman, Katy; MS, RD, LDN ');
INSERT INTO Providers Values('00000000-0000-0000-0001-00000000079', 'Healey, Michael; MD');
INSERT INTO Providers Values('00000000-0000-0000-0001-00000000080', 'Healy, Barbara; RN');
INSERT INTO Providers Values('00000000-0000-0000-0001-00000000081', 'Hentschel, Dirk; MD');
INSERT INTO Providers Values('00000000-0000-0000-0001-00000000082', 'Hergrueter, Charles; MD');
INSERT INTO Providers Values('00000000-0000-0000-0001-00000000083', 'Higgins, Laurence; MD');
INSERT INTO Providers Values('00000000-0000-0000-0001-00000000084', 'Hinton, Nadia; RDN, LDN');
INSERT INTO Providers Values('00000000-0000-0000-0001-00000000085', 'Homenko, Daria; MD');
INSERT INTO Providers Values('00000000-0000-0000-0001-00000000086', 'Hoover, Paul; MD, PhD');
INSERT INTO Providers Values('00000000-0000-0000-0001-00000000087', 'Horowitz, Sandra; MD');
INSERT INTO Providers Values('00000000-0000-0000-0001-00000000088', 'Howard, Neal Anthony; LICSW');
INSERT INTO Providers Values('00000000-0000-0000-0001-00000000089', 'Hsu, Joyce; MD');
INSERT INTO Providers Values('00000000-0000-0000-0001-00000000090', 'Humbert, Timberly; MD');
INSERT INTO Providers Values('00000000-0000-0000-0001-00000000091', 'Ingram, Abbie; PA-C');
INSERT INTO Providers Values('00000000-0000-0000-0001-00000000092', 'Innis, William; MD');
INSERT INTO Providers Values('00000000-0000-0000-0001-00000000093', 'Irani, Jennifer; MD');
INSERT INTO Providers Values('00000000-0000-0000-0001-00000000094', 'Isaac, Zacharia; MD');
INSERT INTO Providers Values('00000000-0000-0000-0001-00000000095', 'Isom, Kellene; MS, RN, LDN');
INSERT INTO Providers Values('00000000-0000-0000-0001-00000000096', 'Issa, Mohammed; MD');
INSERT INTO Providers Values('00000000-0000-0000-0001-00000000097', 'Javaheri, Sogol; MD');
INSERT INTO Providers Values('00000000-0000-0000-0001-00000000098', 'Jeselsohn, Rinath; MD');
INSERT INTO Providers Values('00000000-0000-0000-0001-00000000099', 'Johnsen, Jami; MD');
INSERT INTO Providers Values('00000000-0000-0000-0001-00000000100', 'Joyce, Eileen; LICSW');
INSERT INTO Providers Values('00000000-0000-0000-0001-00000000101', 'Kathrins, Martin; MD');
INSERT INTO Providers Values('00000000-0000-0000-0001-00000000102', 'Keller, Beth; RN, PsyD');
INSERT INTO Providers Values('00000000-0000-0000-0001-00000000103', 'Keller, Elisabeth; MD');
INSERT INTO Providers Values('00000000-0000-0000-0001-00000000104', 'Kenney, Pardon; MD');
INSERT INTO Providers Values('00000000-0000-0000-0001-00000000105', 'Kessler, Joshua; MD');
INSERT INTO Providers Values('00000000-0000-0000-0001-00000000106', 'Khaodhiar, Lalita; MD');
INSERT INTO Providers Values('00000000-0000-0000-0001-00000000107', 'King, Tari; MD');
INSERT INTO Providers Values('00000000-0000-0000-0001-00000000108', 'Kleifield, Allison; PA-C');
INSERT INTO Providers Values('00000000-0000-0000-0001-00000000109', 'Kornack, Fulton; MD');
INSERT INTO Providers Values('00000000-0000-0000-0001-00000000110', 'Kramer, Justine; PA-C');
INSERT INTO Providers Values('00000000-0000-0000-0001-00000000111', 'Lafleur, Emily; PA-C');
INSERT INTO Providers Values('00000000-0000-0000-0001-00000000112', 'Lahair, Tracy; PA-C');
INSERT INTO Providers Values('00000000-0000-0000-0001-00000000113', 'Lahive, Karen; MD');
INSERT INTO Providers Values('00000000-0000-0000-0001-00000000114', 'Lai, Leonard; MD');
INSERT INTO Providers Values('00000000-0000-0000-0001-00000000115', 'Laskowski, Karl; MD');
INSERT INTO Providers Values('00000000-0000-0000-0001-00000000116', 'Lauretti, Linda; MD');
INSERT INTO Providers Values('00000000-0000-0000-0001-00000000117', 'Leone, Amanda; LICSW');
INSERT INTO Providers Values('00000000-0000-0000-0001-00000000118', 'Lilienfeld, Armin; MD');
INSERT INTO Providers Values('00000000-0000-0000-0001-00000000119', 'Lilly, Leonard Stuart; MD');
INSERT INTO Providers Values('00000000-0000-0000-0001-00000000120', 'Lo, Amy; MD');
INSERT INTO Providers Values('00000000-0000-0000-0001-00000000121', 'Loder, Elizabeth; MD');
INSERT INTO Providers Values('00000000-0000-0000-0001-00000000122', 'Lu, Yi; MD');
INSERT INTO Providers Values('00000000-0000-0000-0001-00000000123', 'Malone, Linda; DNP, RN, CPNP');
INSERT INTO Providers Values('00000000-0000-0000-0001-00000000124', 'Malone, Michael; MD');
INSERT INTO Providers Values('00000000-0000-0000-0001-00000000125', 'Mariano, Timothy; MD');
INSERT INTO Providers Values('00000000-0000-0000-0001-00000000126', 'Mason, William; MD');
INSERT INTO Providers Values('00000000-0000-0000-0001-00000000127', 'Mathew, Paul; MD');
INSERT INTO Providers Values('00000000-0000-0000-0001-00000000128', 'Matloff, Daniel; MD');
INSERT INTO Providers Values('00000000-0000-0000-0001-00000000129', 'Matthews, Robert; PA-C');
INSERT INTO Providers Values('00000000-0000-0000-0001-00000000130', 'Matwin, Sonia; PhD');
INSERT INTO Providers Values('00000000-0000-0000-0001-00000000131', 'Matzkin, Elizabeth; MD');
INSERT INTO Providers Values('00000000-0000-0000-0001-00000000132', 'McCarthy, Rita; NP');
INSERT INTO Providers Values('00000000-0000-0000-0001-00000000133', 'McDonald, Michael; MD');
INSERT INTO Providers Values('00000000-0000-0000-0001-00000000134', 'McDonnell, Marie; MD');
INSERT INTO Providers Values('00000000-0000-0000-0001-00000000135', 'McGowan, Katherine; MD');
INSERT INTO Providers Values('00000000-0000-0000-0001-00000000136', 'McKenna, Robert; PA-C');
INSERT INTO Providers Values('00000000-0000-0000-0001-00000000137', 'McKitrick, Charles; MD');
INSERT INTO Providers Values('00000000-0000-0000-0001-00000000138', 'McMahon, Gearoid; MD');
INSERT INTO Providers Values('00000000-0000-0000-0001-00000000139', 'McNabb-Balter, Julia; MD ');
INSERT INTO Providers Values('00000000-0000-0000-0001-00000000140', 'Melnitchouk, Neyla; MD');
INSERT INTO Providers Values('00000000-0000-0000-0001-00000000141', 'Miatto, Orietta; MD');
INSERT INTO Providers Values('00000000-0000-0000-0001-00000000142', 'Micley, Bruce; MD');
INSERT INTO Providers Values('00000000-0000-0000-0001-00000000143', 'Miner, Julie; MD');
INSERT INTO Providers Values('00000000-0000-0000-0001-00000000144', 'Monaghan, Colleen; MD');
INSERT INTO Providers Values('00000000-0000-0000-0001-00000000145', 'Morrison, Beverly; MD');
INSERT INTO Providers Values('00000000-0000-0000-0001-00000000146', 'Morrison-Ma, Samantha; NP');
INSERT INTO Providers Values('00000000-0000-0000-0001-00000000147', 'Mullally, William; MD');
INSERT INTO Providers Values('00000000-0000-0000-0001-00000000148', 'Mutinga, Muthoka; MD');
INSERT INTO Providers Values('00000000-0000-0000-0001-00000000149', 'Nadarajah, Sarah; WHNP');
INSERT INTO Providers Values('00000000-0000-0000-0001-00000000150', 'Nakhlis, Faina; MD');
INSERT INTO Providers Values('00000000-0000-0000-0001-00000000151', 'Nehs, Matthew; MD');
INSERT INTO Providers Values('00000000-0000-0000-0001-00000000152', 'Nelson, Ehren; MD');
INSERT INTO Providers Values('00000000-0000-0000-0001-00000000153', 'Novak, Peter; MD');
INSERT INTO Providers Values('00000000-0000-0000-0001-00000000154', 'Nuspl, Kristen; PA-C');
INSERT INTO Providers Values('00000000-0000-0000-0001-00000000155', 'OConnor, Elizabeth; MD');
INSERT INTO Providers Values('00000000-0000-0000-0001-00000000156', 'OHare, Kitty; MD');
INSERT INTO Providers Values('00000000-0000-0000-0001-00000000157', 'OLeary, Michael; MD');
INSERT INTO Providers Values('00000000-0000-0000-0001-00000000158', 'Oliveira, Nancy; MS, RDN, LDN');
INSERT INTO Providers Values('00000000-0000-0000-0001-00000000159', 'Oliver, Lynn; RN');
INSERT INTO Providers Values('00000000-0000-0000-0001-00000000160', 'Omobomi, Olabimpe; MD');
INSERT INTO Providers Values('00000000-0000-0000-0001-00000000161', 'Owens, Lisa Michelle; MD');
INSERT INTO Providers Values('00000000-0000-0000-0001-00000000162', 'Palermo, Nadine; MD');
INSERT INTO Providers Values('00000000-0000-0000-0001-00000000163', 'Paperno, Halie; Au.D, CCC-A');
INSERT INTO Providers Values('00000000-0000-0000-0001-00000000164', 'Pariser, Kenneth; MD');
INSERT INTO Providers Values('00000000-0000-0000-0001-00000000165', 'Parker, Leroy; MD');
INSERT INTO Providers Values('00000000-0000-0000-0001-00000000166', 'Parnes, Aric; MD');
INSERT INTO Providers Values('00000000-0000-0000-0001-00000000167', 'Patten, James; MD');
INSERT INTO Providers Values('00000000-0000-0000-0001-00000000168', 'Pavlova, Milena; MD');
INSERT INTO Providers Values('00000000-0000-0000-0001-00000000169', 'Perry, David; LICSW');
INSERT INTO Providers Values('00000000-0000-0000-0001-00000000170', 'Pilgrim, David; MD');
INSERT INTO Providers Values('00000000-0000-0000-0001-00000000171', 'Pingeton, Mallory; PA-C');
INSERT INTO Providers Values('00000000-0000-0000-0001-00000000172', 'Preneta, Ewa; MD');
INSERT INTO Providers Values('00000000-0000-0000-0001-00000000173', 'Prince, Anthony; MD');
INSERT INTO Providers Values('00000000-0000-0000-0001-00000000174', 'Quan, Stuart; MD');
INSERT INTO Providers Values('00000000-0000-0000-0001-00000000175', 'Ramirez, Alberto; MD');
INSERT INTO Providers Values('00000000-0000-0000-0001-00000000176', 'Rangel, Erika; MD');
INSERT INTO Providers Values('00000000-0000-0000-0001-00000000177', 'Reil, Erin; RD, LDN');
INSERT INTO Providers Values('00000000-0000-0000-0001-00000000178', 'Rizzoli, Paul; MD');
INSERT INTO Providers Values('00000000-0000-0000-0001-00000000179', 'Robinson, Malcolm; MD');
INSERT INTO Providers Values('00000000-0000-0000-0001-00000000180', 'Roditi, Rachel; MD');
INSERT INTO Providers Values('00000000-0000-0000-0001-00000000181', 'Rodriguez, Claudia; MD');
INSERT INTO Providers Values('00000000-0000-0000-0001-00000000182', 'Romano, Keith; MD');
INSERT INTO Providers Values('00000000-0000-0000-0001-00000000183', 'Ruff, Christian; MD');
INSERT INTO Providers Values('00000000-0000-0000-0001-00000000184', 'Ruiz, Emily; MD');
INSERT INTO Providers Values('00000000-0000-0000-0001-00000000185', 'Saldana, Fidencio; MD');
INSERT INTO Providers Values('00000000-0000-0000-0001-00000000186', 'Saluti, Andrew; DO');
INSERT INTO Providers Values('00000000-0000-0000-0001-00000000187', 'Samadi, Farrah; NP');
INSERT INTO Providers Values('00000000-0000-0000-0001-00000000188', 'Samara, Mariah; MD');
INSERT INTO Providers Values('00000000-0000-0000-0001-00000000189', 'Sampson, Christian; MD   ');
INSERT INTO Providers Values('00000000-0000-0000-0001-00000000190', 'Savage, Robert; MD');
INSERT INTO Providers Values('00000000-0000-0000-0001-00000000191', 'Scheff, David; MD');
INSERT INTO Providers Values('00000000-0000-0000-0001-00000000192', 'Schissel, Scott; MD');
INSERT INTO Providers Values('00000000-0000-0000-0001-00000000193', 'Schmults, Chrysalyne; MD');
INSERT INTO Providers Values('00000000-0000-0000-0001-00000000194', 'Schoenfeld, Andrew; MD');
INSERT INTO Providers Values('00000000-0000-0000-0001-00000000195', 'Schoenfeld, Paul; MD');
INSERT INTO Providers Values('00000000-0000-0000-0001-00000000196', 'Schueler, Leila; MD');
INSERT INTO Providers Values('00000000-0000-0000-0001-00000000197', 'Shah, Amil; MD');
INSERT INTO Providers Values('00000000-0000-0000-0001-00000000198', 'Sharma, Niraj; MD');
INSERT INTO Providers Values('00000000-0000-0000-0001-00000000199', 'Sheth, Samira; NP');
INSERT INTO Providers Values('00000000-0000-0000-0001-00000000200', 'Sheu, Eric; MD');
INSERT INTO Providers Values('00000000-0000-0000-0001-00000000201', 'Shoji, Brent; MD');
INSERT INTO Providers Values('00000000-0000-0000-0001-00000000202', 'Smith, Benjamin; MD');
INSERT INTO Providers Values('00000000-0000-0000-0001-00000000203', 'Smith, Colleen; NP');
INSERT INTO Providers Values('00000000-0000-0000-0001-00000000204', 'Smith, Jeremy; MD');
INSERT INTO Providers Values('00000000-0000-0000-0001-00000000205', 'Smith, Shannon; MD');
INSERT INTO Providers Values('00000000-0000-0000-0001-00000000206', 'Spector, David; MD');
INSERT INTO Providers Values('00000000-0000-0000-0001-00000000207', 'Stacks, Robert; MD');
INSERT INTO Providers Values('00000000-0000-0000-0001-00000000208', 'Steele, Graeme; MD');
INSERT INTO Providers Values('00000000-0000-0000-0001-00000000209', 'Stephens, Kelly; MD');
INSERT INTO Providers Values('00000000-0000-0000-0001-00000000210', 'Stevens, Erin; LICSW');
INSERT INTO Providers Values('00000000-0000-0000-0001-00000000211', 'Stewart, Carl; MEd, LADC I');
INSERT INTO Providers Values('00000000-0000-0000-0001-00000000212', 'Stone, Rebecca; MD');
INSERT INTO Providers Values('00000000-0000-0000-0001-00000000213', 'Sweeney, Michael; MD');
INSERT INTO Providers Values('00000000-0000-0000-0001-00000000214', 'Tarpy, Robert; MD');
INSERT INTO Providers Values('00000000-0000-0000-0001-00000000215', 'Tavakkoli, Ali; MD');
INSERT INTO Providers Values('00000000-0000-0000-0001-00000000216', 'Taylor, Cristin; PA-C');
INSERT INTO Providers Values('00000000-0000-0000-0001-00000000217', 'Tenforde, Adam; MD');
INSERT INTO Providers Values('00000000-0000-0000-0001-00000000218', 'Todd, Derrick; MD, PhD');
INSERT INTO Providers Values('00000000-0000-0000-0001-00000000219', 'Trumble, Julia; LICSW');
INSERT INTO Providers Values('00000000-0000-0000-0001-00000000220', 'Tucker, Kevin; MD');
INSERT INTO Providers Values('00000000-0000-0000-0001-00000000221', 'Tunick, Mitchell; MD');
INSERT INTO Providers Values('00000000-0000-0000-0001-00000000222', 'Vardeh, Daniel; MD');
INSERT INTO Providers Values('00000000-0000-0000-0001-00000000223', 'Vernon, Ashley; MD');
INSERT INTO Providers Values('00000000-0000-0000-0001-00000000224', 'Vigneau, Shari; PA-C');
INSERT INTO Providers Values('00000000-0000-0000-0001-00000000225', 'Viola, Julianne; MD');
INSERT INTO Providers Values('00000000-0000-0000-0001-00000000226', 'Voiculescu, Adina; MD');
INSERT INTO Providers Values('00000000-0000-0000-0001-00000000227', 'Wagle, Neil; MD');
INSERT INTO Providers Values('00000000-0000-0000-0001-00000000228', 'Waldman, Abigail; MD');
INSERT INTO Providers Values('00000000-0000-0000-0001-00000000229', 'Walsh Samp, Kathy; LICSW');
INSERT INTO Providers Values('00000000-0000-0000-0001-00000000230', 'Warth, James; MD');
INSERT INTO Providers Values('00000000-0000-0000-0001-00000000231', 'Warth, Maria; MD');
INSERT INTO Providers Values('00000000-0000-0000-0001-00000000232', 'Webber, Anthony; MD');
INSERT INTO Providers Values('00000000-0000-0000-0001-00000000233', 'Weisholtz, Daniel; MD');
INSERT INTO Providers Values('00000000-0000-0000-0001-00000000234', 'Welker, Roy; MD');
INSERT INTO Providers Values('00000000-0000-0000-0001-00000000235', 'Wellman, David; MD');
INSERT INTO Providers Values('00000000-0000-0000-0001-00000000236', 'White, David; MD');
INSERT INTO Providers Values('00000000-0000-0000-0001-00000000237', 'Whitlock, Kaitlyn; PA-C');
INSERT INTO Providers Values('00000000-0000-0000-0001-00000000238', 'Whitman, Gregory; MD');
INSERT INTO Providers Values('00000000-0000-0000-0001-00000000239', 'Wickner, Paige; MD');
INSERT INTO Providers Values('00000000-0000-0000-0001-00000000240', 'Yong, Jason; MD');
INSERT INTO Providers Values('00000000-0000-0000-0001-00000000241', 'Yudkoff, Benjamin; MD');
INSERT INTO Providers Values('00000000-0000-0000-0001-00000000242', 'Yung, Rachel; MD');
INSERT INTO Providers Values('00000000-0000-0000-0001-00000000243', 'Zampini, Jay; MD');

INSERT INTO DoctorOffices VALUES('00000000-0000-0000-0001-00000000236', '00000000-0000-0000-0000-000000000017');
INSERT INTO DoctorOffices VALUES('00000000-0000-0000-0001-00000000235', '00000000-0000-0000-0000-000000000017');
INSERT INTO DoctorOffices VALUES('00000000-0000-0000-0001-00000000209', '00000000-0000-0000-0000-000000000017');
INSERT INTO DoctorOffices VALUES('00000000-0000-0000-0001-00000000203', '00000000-0000-0000-0000-000000000017');
INSERT INTO DoctorOffices VALUES('00000000-0000-0000-0001-00000000174', '00000000-0000-0000-0000-000000000017');
INSERT INTO DoctorOffices VALUES('00000000-0000-0000-0001-00000000168', '00000000-0000-0000-0000-000000000017');
INSERT INTO DoctorOffices VALUES('00000000-0000-0000-0001-00000000162', '00000000-0000-0000-0000-000000000017');
INSERT INTO DoctorOffices VALUES('00000000-0000-0000-0001-00000000160', '00000000-0000-0000-0000-000000000017');
INSERT INTO DoctorOffices VALUES('00000000-0000-0000-0001-00000000137', '00000000-0000-0000-0000-000000000017');
INSERT INTO DoctorOffices VALUES('00000000-0000-0000-0001-00000000134', '00000000-0000-0000-0000-000000000017');
INSERT INTO DoctorOffices VALUES('00000000-0000-0000-0001-00000000132', '00000000-0000-0000-0000-000000000017');
INSERT INTO DoctorOffices VALUES('00000000-0000-0000-0001-00000000106', '00000000-0000-0000-0000-000000000017');
INSERT INTO DoctorOffices VALUES('00000000-0000-0000-0001-00000000099', '00000000-0000-0000-0000-000000000017');
INSERT INTO DoctorOffices VALUES('00000000-0000-0000-0001-00000000097', '00000000-0000-0000-0000-000000000017');
INSERT INTO DoctorOffices VALUES('00000000-0000-0000-0001-00000000087', '00000000-0000-0000-0000-000000000017');
INSERT INTO DoctorOffices VALUES('00000000-0000-0000-0001-00000000074', '00000000-0000-0000-0000-000000000017');
INSERT INTO DoctorOffices VALUES('00000000-0000-0000-0001-00000000059', '00000000-0000-0000-0000-000000000017');
INSERT INTO DoctorOffices VALUES('00000000-0000-0000-0001-00000000022', '00000000-0000-0000-0000-000000000017');
INSERT INTO DoctorOffices VALUES('00000000-0000-0000-0001-00000000018', '00000000-0000-0000-0000-000000000017');
INSERT INTO DoctorOffices VALUES('00000000-0000-0000-0001-00000000010', '00000000-0000-0000-0000-000000000017');
INSERT INTO DoctorOffices VALUES('00000000-0000-0000-0001-00000000227', '00000000-0000-0000-0000-000000000009');
INSERT INTO DoctorOffices VALUES('00000000-0000-0000-0001-00000000154', '00000000-0000-0000-0000-000000000009');
INSERT INTO DoctorOffices VALUES('00000000-0000-0000-0001-00000000141', '00000000-0000-0000-0000-000000000009');
INSERT INTO DoctorOffices VALUES('00000000-0000-0000-0001-00000000115', '00000000-0000-0000-0000-000000000009');
INSERT INTO DoctorOffices VALUES('00000000-0000-0000-0001-00000000079', '00000000-0000-0000-0000-000000000009');
INSERT INTO DoctorOffices VALUES('00000000-0000-0000-0001-00000000012', '00000000-0000-0000-0000-000000000009');
INSERT INTO DoctorOffices VALUES('00000000-0000-0000-0001-00000000026', '00000000-0000-0000-0000-000000000009');
INSERT INTO DoctorOffices VALUES('00000000-0000-0000-0001-00000000198', '00000000-0000-0000-0000-000000000026');
INSERT INTO DoctorOffices VALUES('00000000-0000-0000-0001-00000000156', '00000000-0000-0000-0000-000000000026');
INSERT INTO DoctorOffices VALUES('00000000-0000-0000-0001-00000000144', '00000000-0000-0000-0000-000000000026');
INSERT INTO DoctorOffices VALUES('00000000-0000-0000-0001-00000000064', '00000000-0000-0000-0000-000000000010');
INSERT INTO DoctorOffices VALUES('00000000-0000-0000-0001-00000000049', '00000000-0000-0000-0000-000000000010');
INSERT INTO DoctorOffices VALUES('00000000-0000-0000-0001-00000000007', '00000000-0000-0000-0000-000000000010');
INSERT INTO DoctorOffices VALUES('00000000-0000-0000-0001-00000000231', '00000000-0000-0000-0000-000000000010');
INSERT INTO DoctorOffices VALUES('00000000-0000-0000-0001-00000000230', '00000000-0000-0000-0000-000000000010');
INSERT INTO DoctorOffices VALUES('00000000-0000-0000-0001-00000000003', '00000000-0000-0000-0000-000000000015');
INSERT INTO DoctorOffices VALUES('00000000-0000-0000-0001-00000000223', '00000000-0000-0000-0000-000000000015');
INSERT INTO DoctorOffices VALUES('00000000-0000-0000-0001-00000000215', '00000000-0000-0000-0000-000000000015');
INSERT INTO DoctorOffices VALUES('00000000-0000-0000-0001-00000000206', '00000000-0000-0000-0000-000000000015');
INSERT INTO DoctorOffices VALUES('00000000-0000-0000-0001-00000000201', '00000000-0000-0000-0000-000000000015');
INSERT INTO DoctorOffices VALUES('00000000-0000-0000-0001-00000000200', '00000000-0000-0000-0000-000000000015');
INSERT INTO DoctorOffices VALUES('00000000-0000-0000-0001-00000000179', '00000000-0000-0000-0000-000000000015');
INSERT INTO DoctorOffices VALUES('00000000-0000-0000-0001-00000000177', '00000000-0000-0000-0000-000000000015');
INSERT INTO DoctorOffices VALUES('00000000-0000-0000-0001-00000000176', '00000000-0000-0000-0000-000000000015');
INSERT INTO DoctorOffices VALUES('00000000-0000-0000-0001-00000000151', '00000000-0000-0000-0000-000000000015');
INSERT INTO DoctorOffices VALUES('00000000-0000-0000-0001-00000000140', '00000000-0000-0000-0000-000000000015');
INSERT INTO DoctorOffices VALUES('00000000-0000-0000-0001-00000000129', '00000000-0000-0000-0000-000000000015');
INSERT INTO DoctorOffices VALUES('00000000-0000-0000-0001-00000000108', '00000000-0000-0000-0000-000000000015');
INSERT INTO DoctorOffices VALUES('00000000-0000-0000-0001-00000000104', '00000000-0000-0000-0000-000000000015');
INSERT INTO DoctorOffices VALUES('00000000-0000-0000-0001-00000000095', '00000000-0000-0000-0000-000000000015');
INSERT INTO DoctorOffices VALUES('00000000-0000-0000-0001-00000000093', '00000000-0000-0000-0000-000000000015');
INSERT INTO DoctorOffices VALUES('00000000-0000-0000-0001-00000000078', '00000000-0000-0000-0000-000000000015');
INSERT INTO DoctorOffices VALUES('00000000-0000-0000-0001-00000000047', '00000000-0000-0000-0000-000000000015');
INSERT INTO DoctorOffices VALUES('00000000-0000-0000-0001-00000000011', '00000000-0000-0000-0000-000000000015');
INSERT INTO DoctorOffices VALUES('00000000-0000-0000-0001-00000000004', '00000000-0000-0000-0000-000000000015');
INSERT INTO DoctorOffices VALUES('00000000-0000-0000-0001-00000000002', '00000000-0000-0000-0000-000000000015');
INSERT INTO DoctorOffices VALUES('00000000-0000-0000-0001-00000000232', '00000000-0000-0000-0000-000000000059');
INSERT INTO DoctorOffices VALUES('00000000-0000-0000-0001-00000000190', '00000000-0000-0000-0000-000000000059');
INSERT INTO DoctorOffices VALUES('00000000-0000-0000-0001-00000000109', '00000000-0000-0000-0000-000000000059');
INSERT INTO DoctorOffices VALUES('00000000-0000-0000-0001-00000000024', '00000000-0000-0000-0000-000000000059');
INSERT INTO DoctorOffices VALUES('00000000-0000-0000-0001-00000000009', '00000000-0000-0000-0000-000000000059');
INSERT INTO DoctorOffices VALUES('00000000-0000-0000-0001-00000000212', '00000000-0000-0000-0000-000000000007');
INSERT INTO DoctorOffices VALUES('00000000-0000-0000-0001-00000000188', '00000000-0000-0000-0000-000000000007');
INSERT INTO DoctorOffices VALUES('00000000-0000-0000-0001-00000000163', '00000000-0000-0000-0000-000000000007');
INSERT INTO DoctorOffices VALUES('00000000-0000-0000-0001-00000000126', '00000000-0000-0000-0000-000000000007');
INSERT INTO DoctorOffices VALUES('00000000-0000-0000-0001-00000000105', '00000000-0000-0000-0000-000000000007');
INSERT INTO DoctorOffices VALUES('00000000-0000-0000-0001-00000000092', '00000000-0000-0000-0000-000000000007');
INSERT INTO DoctorOffices VALUES('00000000-0000-0000-0001-00000000069', '00000000-0000-0000-0000-000000000007');
INSERT INTO DoctorOffices VALUES('00000000-0000-0000-0001-00000000158', '00000000-0000-0000-0000-000000000057');
INSERT INTO DoctorOffices VALUES('00000000-0000-0000-0001-00000000084', '00000000-0000-0000-0000-000000000057');
INSERT INTO DoctorOffices VALUES('00000000-0000-0000-0001-00000000236', '00000000-0000-0000-0000-000000000020');
INSERT INTO DoctorOffices VALUES('00000000-0000-0000-0001-00000000235', '00000000-0000-0000-0000-000000000080');
INSERT INTO DoctorOffices VALUES('00000000-0000-0000-0001-00000000209', '00000000-0000-0000-0000-000000000026');
INSERT INTO DoctorOffices VALUES('00000000-0000-0000-0001-00000000203', '00000000-0000-0000-0000-000000000010');
INSERT INTO DoctorOffices VALUES('00000000-0000-0000-0001-00000000174', '00000000-0000-0000-0000-000000000015');
INSERT INTO DoctorOffices VALUES('00000000-0000-0000-0001-00000000168', '00000000-0000-0000-0000-000000000019');
INSERT INTO DoctorOffices VALUES('00000000-0000-0000-0001-00000000162', '00000000-0000-0000-0000-000000000030');
INSERT INTO DoctorOffices VALUES('00000000-0000-0000-0001-00000000160', '00000000-0000-0000-0000-000000000056');
INSERT INTO DoctorOffices VALUES('00000000-0000-0000-0001-00000000137', '00000000-0000-0000-0000-000000000070');
INSERT INTO DoctorOffices VALUES('00000000-0000-0000-0001-00000000134', '00000000-0000-0000-0000-000000000086');
INSERT INTO DoctorOffices VALUES('00000000-0000-0000-0001-00000000132', '00000000-0000-0000-0000-000000000090');
INSERT INTO DoctorOffices VALUES('00000000-0000-0000-0001-00000000106', '00000000-0000-0000-0000-000000000059');
INSERT INTO DoctorOffices VALUES('00000000-0000-0000-0001-00000000099', '00000000-0000-0000-0000-000000000007');
INSERT INTO DoctorOffices VALUES('00000000-0000-0000-0001-00000000097', '00000000-0000-0000-0000-000000000057');
INSERT INTO DoctorOffices VALUES('00000000-0000-0000-0001-00000000087', '00000000-0000-0000-0000-000000000051');
INSERT INTO DoctorOffices VALUES('00000000-0000-0000-0001-00000000074', '00000000-0000-0000-0000-000000000088');
INSERT INTO DoctorOffices VALUES('00000000-0000-0000-0001-00000000059', '00000000-0000-0000-0000-000000000052');
INSERT INTO DoctorOffices VALUES('00000000-0000-0000-0001-00000000022', '00000000-0000-0000-0000-000000000035');
INSERT INTO DoctorOffices VALUES('00000000-0000-0000-0001-00000000018', '00000000-0000-0000-0000-000000000044');
INSERT INTO DoctorOffices VALUES('00000000-0000-0000-0001-00000000010', '00000000-0000-0000-0000-000000000053');
INSERT INTO DoctorOffices VALUES('00000000-0000-0000-0001-00000000003', '00000000-0000-0000-0000-000000000019');
INSERT INTO DoctorOffices VALUES('00000000-0000-0000-0001-00000000223', '00000000-0000-0000-0000-000000000019');
INSERT INTO DoctorOffices VALUES('00000000-0000-0000-0001-00000000215', '00000000-0000-0000-0000-000000000019');
INSERT INTO DoctorOffices VALUES('00000000-0000-0000-0001-00000000206', '00000000-0000-0000-0000-000000000019');
INSERT INTO DoctorOffices VALUES('00000000-0000-0000-0001-00000000201', '00000000-0000-0000-0000-000000000019');
INSERT INTO DoctorOffices VALUES('00000000-0000-0000-0001-00000000200', '00000000-0000-0000-0000-000000000019');
INSERT INTO DoctorOffices VALUES('00000000-0000-0000-0001-00000000179', '00000000-0000-0000-0000-000000000019');
INSERT INTO DoctorOffices VALUES('00000000-0000-0000-0001-00000000177', '00000000-0000-0000-0000-000000000019');
INSERT INTO DoctorOffices VALUES('00000000-0000-0000-0001-00000000176', '00000000-0000-0000-0000-000000000019');
INSERT INTO DoctorOffices VALUES('00000000-0000-0000-0001-00000000151', '00000000-0000-0000-0000-000000000019');
INSERT INTO DoctorOffices VALUES('00000000-0000-0000-0001-00000000140', '00000000-0000-0000-0000-000000000019');
INSERT INTO DoctorOffices VALUES('00000000-0000-0000-0001-00000000129', '00000000-0000-0000-0000-000000000019');
INSERT INTO DoctorOffices VALUES('00000000-0000-0000-0001-00000000108', '00000000-0000-0000-0000-000000000019');
INSERT INTO DoctorOffices VALUES('00000000-0000-0000-0001-00000000104', '00000000-0000-0000-0000-000000000019');
INSERT INTO DoctorOffices VALUES('00000000-0000-0000-0001-00000000095', '00000000-0000-0000-0000-000000000019');
INSERT INTO DoctorOffices VALUES('00000000-0000-0000-0001-00000000093', '00000000-0000-0000-0000-000000000019');
INSERT INTO DoctorOffices VALUES('00000000-0000-0000-0001-00000000078', '00000000-0000-0000-0000-000000000019');
INSERT INTO DoctorOffices VALUES('00000000-0000-0000-0001-00000000047', '00000000-0000-0000-0000-000000000019');
INSERT INTO DoctorOffices VALUES('00000000-0000-0000-0001-00000000011', '00000000-0000-0000-0000-000000000019');
INSERT INTO DoctorOffices VALUES('00000000-0000-0000-0001-00000000004', '00000000-0000-0000-0000-000000000019');
INSERT INTO DoctorOffices VALUES('00000000-0000-0000-0001-00000000002', '00000000-0000-0000-0000-000000000019');
INSERT INTO DoctorOffices VALUES('00000000-0000-0000-0001-00000000236', '00000000-0000-0000-0000-000000000080');
INSERT INTO DoctorOffices VALUES('00000000-0000-0000-0001-00000000235', '00000000-0000-0000-0000-000000000026');
INSERT INTO DoctorOffices VALUES('00000000-0000-0000-0001-00000000209', '00000000-0000-0000-0000-000000000010');
INSERT INTO DoctorOffices VALUES('00000000-0000-0000-0001-00000000203', '00000000-0000-0000-0000-000000000015');
INSERT INTO DoctorOffices VALUES('00000000-0000-0000-0001-00000000174', '00000000-0000-0000-0000-000000000019');
INSERT INTO DoctorOffices VALUES('00000000-0000-0000-0001-00000000168', '00000000-0000-0000-0000-000000000030');
INSERT INTO DoctorOffices VALUES('00000000-0000-0000-0001-00000000162', '00000000-0000-0000-0000-000000000056');
INSERT INTO DoctorOffices VALUES('00000000-0000-0000-0001-00000000160', '00000000-0000-0000-0000-000000000070');
INSERT INTO DoctorOffices VALUES('00000000-0000-0000-0001-00000000137', '00000000-0000-0000-0000-000000000086');
INSERT INTO DoctorOffices VALUES('00000000-0000-0000-0001-00000000134', '00000000-0000-0000-0000-000000000090');
INSERT INTO DoctorOffices VALUES('00000000-0000-0000-0001-00000000132', '00000000-0000-0000-0000-000000000059');
INSERT INTO DoctorOffices VALUES('00000000-0000-0000-0001-00000000106', '00000000-0000-0000-0000-000000000007');
INSERT INTO DoctorOffices VALUES('00000000-0000-0000-0001-00000000099', '00000000-0000-0000-0000-000000000057');
INSERT INTO DoctorOffices VALUES('00000000-0000-0000-0001-00000000097', '00000000-0000-0000-0000-000000000051');
INSERT INTO DoctorOffices VALUES('00000000-0000-0000-0001-00000000087', '00000000-0000-0000-0000-000000000088');
INSERT INTO DoctorOffices VALUES('00000000-0000-0000-0001-00000000074', '00000000-0000-0000-0000-000000000052');
INSERT INTO DoctorOffices VALUES('00000000-0000-0000-0001-00000000059', '00000000-0000-0000-0000-000000000035');
INSERT INTO DoctorOffices VALUES('00000000-0000-0000-0001-00000000022', '00000000-0000-0000-0000-000000000044');
INSERT INTO DoctorOffices VALUES('00000000-0000-0000-0001-00000000018', '00000000-0000-0000-0000-000000000053');
INSERT INTO DoctorOffices VALUES('00000000-0000-0000-0001-00000000010', '00000000-0000-0000-0000-000000000002');
INSERT INTO DoctorOffices VALUES('00000000-0000-0000-0001-00000000003', '00000000-0000-0000-0000-000000000030');
INSERT INTO DoctorOffices VALUES('00000000-0000-0000-0001-00000000223', '00000000-0000-0000-0000-000000000030');
INSERT INTO DoctorOffices VALUES('00000000-0000-0000-0001-00000000215', '00000000-0000-0000-0000-000000000030');
INSERT INTO DoctorOffices VALUES('00000000-0000-0000-0001-00000000206', '00000000-0000-0000-0000-000000000030');
INSERT INTO DoctorOffices VALUES('00000000-0000-0000-0001-00000000201', '00000000-0000-0000-0000-000000000030');
INSERT INTO DoctorOffices VALUES('00000000-0000-0000-0001-00000000200', '00000000-0000-0000-0000-000000000030');
INSERT INTO DoctorOffices VALUES('00000000-0000-0000-0001-00000000179', '00000000-0000-0000-0000-000000000030');
INSERT INTO DoctorOffices VALUES('00000000-0000-0000-0001-00000000177', '00000000-0000-0000-0000-000000000030');
INSERT INTO DoctorOffices VALUES('00000000-0000-0000-0001-00000000176', '00000000-0000-0000-0000-000000000030');
INSERT INTO DoctorOffices VALUES('00000000-0000-0000-0001-00000000151', '00000000-0000-0000-0000-000000000030');
INSERT INTO DoctorOffices VALUES('00000000-0000-0000-0001-00000000140', '00000000-0000-0000-0000-000000000030');
INSERT INTO DoctorOffices VALUES('00000000-0000-0000-0001-00000000129', '00000000-0000-0000-0000-000000000030');
INSERT INTO DoctorOffices VALUES('00000000-0000-0000-0001-00000000108', '00000000-0000-0000-0000-000000000030');
INSERT INTO DoctorOffices VALUES('00000000-0000-0000-0001-00000000104', '00000000-0000-0000-0000-000000000030');
INSERT INTO DoctorOffices VALUES('00000000-0000-0000-0001-00000000095', '00000000-0000-0000-0000-000000000030');
INSERT INTO DoctorOffices VALUES('00000000-0000-0000-0001-00000000093', '00000000-0000-0000-0000-000000000030');
INSERT INTO DoctorOffices VALUES('00000000-0000-0000-0001-00000000078', '00000000-0000-0000-0000-000000000030');
INSERT INTO DoctorOffices VALUES('00000000-0000-0000-0001-00000000047', '00000000-0000-0000-0000-000000000030');
INSERT INTO DoctorOffices VALUES('00000000-0000-0000-0001-00000000011', '00000000-0000-0000-0000-000000000030');
INSERT INTO DoctorOffices VALUES('00000000-0000-0000-0001-00000000004', '00000000-0000-0000-0000-000000000030');
INSERT INTO DoctorOffices VALUES('00000000-0000-0000-0001-00000000002', '00000000-0000-0000-0000-000000000030');
INSERT INTO DoctorOffices VALUES('00000000-0000-0000-0001-00000000003', '00000000-0000-0000-0000-000000000056');
INSERT INTO DoctorOffices VALUES('00000000-0000-0000-0001-00000000223', '00000000-0000-0000-0000-000000000056');
INSERT INTO DoctorOffices VALUES('00000000-0000-0000-0001-00000000215', '00000000-0000-0000-0000-000000000056');
INSERT INTO DoctorOffices VALUES('00000000-0000-0000-0001-00000000206', '00000000-0000-0000-0000-000000000056');
INSERT INTO DoctorOffices VALUES('00000000-0000-0000-0001-00000000201', '00000000-0000-0000-0000-000000000056');
INSERT INTO DoctorOffices VALUES('00000000-0000-0000-0001-00000000200', '00000000-0000-0000-0000-000000000056');
INSERT INTO DoctorOffices VALUES('00000000-0000-0000-0001-00000000179', '00000000-0000-0000-0000-000000000056');
INSERT INTO DoctorOffices VALUES('00000000-0000-0000-0001-00000000177', '00000000-0000-0000-0000-000000000056');
INSERT INTO DoctorOffices VALUES('00000000-0000-0000-0001-00000000176', '00000000-0000-0000-0000-000000000056');
INSERT INTO DoctorOffices VALUES('00000000-0000-0000-0001-00000000151', '00000000-0000-0000-0000-000000000056');
INSERT INTO DoctorOffices VALUES('00000000-0000-0000-0001-00000000140', '00000000-0000-0000-0000-000000000056');
INSERT INTO DoctorOffices VALUES('00000000-0000-0000-0001-00000000129', '00000000-0000-0000-0000-000000000056');
INSERT INTO DoctorOffices VALUES('00000000-0000-0000-0001-00000000108', '00000000-0000-0000-0000-000000000056');
INSERT INTO DoctorOffices VALUES('00000000-0000-0000-0001-00000000104', '00000000-0000-0000-0000-000000000056');
INSERT INTO DoctorOffices VALUES('00000000-0000-0000-0001-00000000095', '00000000-0000-0000-0000-000000000056');
INSERT INTO DoctorOffices VALUES('00000000-0000-0000-0001-00000000093', '00000000-0000-0000-0000-000000000056');
INSERT INTO DoctorOffices VALUES('00000000-0000-0000-0001-00000000078', '00000000-0000-0000-0000-000000000056');
INSERT INTO DoctorOffices VALUES('00000000-0000-0000-0001-00000000047', '00000000-0000-0000-0000-000000000056');
INSERT INTO DoctorOffices VALUES('00000000-0000-0000-0001-00000000011', '00000000-0000-0000-0000-000000000056');
INSERT INTO DoctorOffices VALUES('00000000-0000-0000-0001-00000000004', '00000000-0000-0000-0000-000000000056');
INSERT INTO DoctorOffices VALUES('00000000-0000-0000-0001-00000000002', '00000000-0000-0000-0000-000000000056');
INSERT INTO DoctorOffices VALUES('00000000-0000-0000-0001-00000000003', '00000000-0000-0000-0000-000000000070');
INSERT INTO DoctorOffices VALUES('00000000-0000-0000-0001-00000000223', '00000000-0000-0000-0000-000000000070');
INSERT INTO DoctorOffices VALUES('00000000-0000-0000-0001-00000000215', '00000000-0000-0000-0000-000000000070');
INSERT INTO DoctorOffices VALUES('00000000-0000-0000-0001-00000000206', '00000000-0000-0000-0000-000000000070');
INSERT INTO DoctorOffices VALUES('00000000-0000-0000-0001-00000000201', '00000000-0000-0000-0000-000000000070');
INSERT INTO DoctorOffices VALUES('00000000-0000-0000-0001-00000000200', '00000000-0000-0000-0000-000000000070');
INSERT INTO DoctorOffices VALUES('00000000-0000-0000-0001-00000000179', '00000000-0000-0000-0000-000000000070');
INSERT INTO DoctorOffices VALUES('00000000-0000-0000-0001-00000000177', '00000000-0000-0000-0000-000000000070');
INSERT INTO DoctorOffices VALUES('00000000-0000-0000-0001-00000000176', '00000000-0000-0000-0000-000000000070');
INSERT INTO DoctorOffices VALUES('00000000-0000-0000-0001-00000000151', '00000000-0000-0000-0000-000000000070');
INSERT INTO DoctorOffices VALUES('00000000-0000-0000-0001-00000000140', '00000000-0000-0000-0000-000000000070');
INSERT INTO DoctorOffices VALUES('00000000-0000-0000-0001-00000000129', '00000000-0000-0000-0000-000000000070');
INSERT INTO DoctorOffices VALUES('00000000-0000-0000-0001-00000000108', '00000000-0000-0000-0000-000000000070');
INSERT INTO DoctorOffices VALUES('00000000-0000-0000-0001-00000000104', '00000000-0000-0000-0000-000000000070');
INSERT INTO DoctorOffices VALUES('00000000-0000-0000-0001-00000000095', '00000000-0000-0000-0000-000000000070');
INSERT INTO DoctorOffices VALUES('00000000-0000-0000-0001-00000000093', '00000000-0000-0000-0000-000000000070');
INSERT INTO DoctorOffices VALUES('00000000-0000-0000-0001-00000000078', '00000000-0000-0000-0000-000000000070');
INSERT INTO DoctorOffices VALUES('00000000-0000-0000-0001-00000000047', '00000000-0000-0000-0000-000000000070');
INSERT INTO DoctorOffices VALUES('00000000-0000-0000-0001-00000000011', '00000000-0000-0000-0000-000000000070');
INSERT INTO DoctorOffices VALUES('00000000-0000-0000-0001-00000000004', '00000000-0000-0000-0000-000000000070');
INSERT INTO DoctorOffices VALUES('00000000-0000-0000-0001-00000000002', '00000000-0000-0000-0000-000000000070');
INSERT INTO DoctorOffices VALUES('00000000-0000-0000-0001-00000000003', '00000000-0000-0000-0000-000000000086');
INSERT INTO DoctorOffices VALUES('00000000-0000-0000-0001-00000000223', '00000000-0000-0000-0000-000000000086');
INSERT INTO DoctorOffices VALUES('00000000-0000-0000-0001-00000000215', '00000000-0000-0000-0000-000000000086');
INSERT INTO DoctorOffices VALUES('00000000-0000-0000-0001-00000000206', '00000000-0000-0000-0000-000000000086');
INSERT INTO DoctorOffices VALUES('00000000-0000-0000-0001-00000000201', '00000000-0000-0000-0000-000000000086');
INSERT INTO DoctorOffices VALUES('00000000-0000-0000-0001-00000000200', '00000000-0000-0000-0000-000000000086');
INSERT INTO DoctorOffices VALUES('00000000-0000-0000-0001-00000000179', '00000000-0000-0000-0000-000000000086');
INSERT INTO DoctorOffices VALUES('00000000-0000-0000-0001-00000000177', '00000000-0000-0000-0000-000000000086');
INSERT INTO DoctorOffices VALUES('00000000-0000-0000-0001-00000000176', '00000000-0000-0000-0000-000000000086');
INSERT INTO DoctorOffices VALUES('00000000-0000-0000-0001-00000000151', '00000000-0000-0000-0000-000000000086');
INSERT INTO DoctorOffices VALUES('00000000-0000-0000-0001-00000000140', '00000000-0000-0000-0000-000000000086');
INSERT INTO DoctorOffices VALUES('00000000-0000-0000-0001-00000000129', '00000000-0000-0000-0000-000000000086');
INSERT INTO DoctorOffices VALUES('00000000-0000-0000-0001-00000000108', '00000000-0000-0000-0000-000000000086');
INSERT INTO DoctorOffices VALUES('00000000-0000-0000-0001-00000000104', '00000000-0000-0000-0000-000000000086');
INSERT INTO DoctorOffices VALUES('00000000-0000-0000-0001-00000000095', '00000000-0000-0000-0000-000000000086');
INSERT INTO DoctorOffices VALUES('00000000-0000-0000-0001-00000000093', '00000000-0000-0000-0000-000000000086');
INSERT INTO DoctorOffices VALUES('00000000-0000-0000-0001-00000000078', '00000000-0000-0000-0000-000000000086');
INSERT INTO DoctorOffices VALUES('00000000-0000-0000-0001-00000000047', '00000000-0000-0000-0000-000000000086');
INSERT INTO DoctorOffices VALUES('00000000-0000-0000-0001-00000000011', '00000000-0000-0000-0000-000000000086');
INSERT INTO DoctorOffices VALUES('00000000-0000-0000-0001-00000000004', '00000000-0000-0000-0000-000000000086');
INSERT INTO DoctorOffices VALUES('00000000-0000-0000-0001-00000000002', '00000000-0000-0000-0000-000000000086');
INSERT INTO DoctorOffices VALUES('00000000-0000-0000-0001-00000000003', '00000000-0000-0000-0000-000000000090');
INSERT INTO DoctorOffices VALUES('00000000-0000-0000-0001-00000000223', '00000000-0000-0000-0000-000000000090');
INSERT INTO DoctorOffices VALUES('00000000-0000-0000-0001-00000000215', '00000000-0000-0000-0000-000000000090');
INSERT INTO DoctorOffices VALUES('00000000-0000-0000-0001-00000000206', '00000000-0000-0000-0000-000000000090');
INSERT INTO DoctorOffices VALUES('00000000-0000-0000-0001-00000000201', '00000000-0000-0000-0000-000000000090');
INSERT INTO DoctorOffices VALUES('00000000-0000-0000-0001-00000000200', '00000000-0000-0000-0000-000000000090');
INSERT INTO DoctorOffices VALUES('00000000-0000-0000-0001-00000000179', '00000000-0000-0000-0000-000000000090');
INSERT INTO DoctorOffices VALUES('00000000-0000-0000-0001-00000000177', '00000000-0000-0000-0000-000000000090');
INSERT INTO DoctorOffices VALUES('00000000-0000-0000-0001-00000000176', '00000000-0000-0000-0000-000000000090');
INSERT INTO DoctorOffices VALUES('00000000-0000-0000-0001-00000000151', '00000000-0000-0000-0000-000000000090');
INSERT INTO DoctorOffices VALUES('00000000-0000-0000-0001-00000000140', '00000000-0000-0000-0000-000000000090');
INSERT INTO DoctorOffices VALUES('00000000-0000-0000-0001-00000000129', '00000000-0000-0000-0000-000000000090');
INSERT INTO DoctorOffices VALUES('00000000-0000-0000-0001-00000000108', '00000000-0000-0000-0000-000000000090');
INSERT INTO DoctorOffices VALUES('00000000-0000-0000-0001-00000000104', '00000000-0000-0000-0000-000000000090');
INSERT INTO DoctorOffices VALUES('00000000-0000-0000-0001-00000000095', '00000000-0000-0000-0000-000000000090');
INSERT INTO DoctorOffices VALUES('00000000-0000-0000-0001-00000000093', '00000000-0000-0000-0000-000000000090');
INSERT INTO DoctorOffices VALUES('00000000-0000-0000-0001-00000000078', '00000000-0000-0000-0000-000000000090');
INSERT INTO DoctorOffices VALUES('00000000-0000-0000-0001-00000000047', '00000000-0000-0000-0000-000000000090');
INSERT INTO DoctorOffices VALUES('00000000-0000-0000-0001-00000000011', '00000000-0000-0000-0000-000000000090');
INSERT INTO DoctorOffices VALUES('00000000-0000-0000-0001-00000000004', '00000000-0000-0000-0000-000000000090');
INSERT INTO DoctorOffices VALUES('00000000-0000-0000-0001-00000000002', '00000000-0000-0000-0000-000000000090');
INSERT INTO DoctorOffices VALUES('00000000-0000-0000-0001-00000000003', '00000000-0000-0000-0000-000000000020');
INSERT INTO DoctorOffices VALUES('00000000-0000-0000-0001-00000000003', '00000000-0000-0000-0000-000000000080');
INSERT INTO DoctorOffices VALUES('00000000-0000-0000-0001-00000000161', '00000000-0000-0000-0000-000000000009');
INSERT INTO DoctorOffices VALUES('00000000-0000-0000-0001-00000000118', '00000000-0000-0000-0000-000000000009');
INSERT INTO DoctorOffices VALUES('00000000-0000-0000-0001-00000000067', '00000000-0000-0000-0000-000000000009');
INSERT INTO DoctorOffices VALUES('00000000-0000-0000-0001-00000000208', '00000000-0000-0000-0000-000000000051');
INSERT INTO DoctorOffices VALUES('00000000-0000-0000-0001-00000000157', '00000000-0000-0000-0000-000000000051');
INSERT INTO DoctorOffices VALUES('00000000-0000-0000-0001-00000000133', '00000000-0000-0000-0000-000000000051');
INSERT INTO DoctorOffices VALUES('00000000-0000-0000-0001-00000000124', '00000000-0000-0000-0000-000000000051');
INSERT INTO DoctorOffices VALUES('00000000-0000-0000-0001-00000000101', '00000000-0000-0000-0000-000000000051');
INSERT INTO DoctorOffices VALUES('00000000-0000-0000-0001-00000000014', '00000000-0000-0000-0000-000000000051');
INSERT INTO DoctorOffices VALUES('00000000-0000-0000-0001-00000000228', '00000000-0000-0000-0000-000000000052');
INSERT INTO DoctorOffices VALUES('00000000-0000-0000-0001-00000000193', '00000000-0000-0000-0000-000000000052');
INSERT INTO DoctorOffices VALUES('00000000-0000-0000-0001-00000000184', '00000000-0000-0000-0000-000000000052');
INSERT INTO DoctorOffices VALUES('00000000-0000-0000-0001-00000000214', '00000000-0000-0000-0000-000000000035');
INSERT INTO DoctorOffices VALUES('00000000-0000-0000-0001-00000000113', '00000000-0000-0000-0000-000000000035');
INSERT INTO DoctorOffices VALUES('00000000-0000-0000-0001-00000000044', '00000000-0000-0000-0000-000000000035');
INSERT INTO DoctorOffices VALUES('00000000-0000-0000-0001-00000000178', '00000000-0000-0000-0000-000000000035');
INSERT INTO DoctorOffices VALUES('00000000-0000-0000-0001-00000000127', '00000000-0000-0000-0000-000000000035');
INSERT INTO DoctorOffices VALUES('00000000-0000-0000-0001-00000000121', '00000000-0000-0000-0000-000000000035');
INSERT INTO DoctorOffices VALUES('00000000-0000-0000-0001-00000000065', '00000000-0000-0000-0000-000000000035');
INSERT INTO DoctorOffices VALUES('00000000-0000-0000-0001-00000000038', '00000000-0000-0000-0000-000000000035');
INSERT INTO DoctorOffices VALUES('00000000-0000-0000-0001-00000000023', '00000000-0000-0000-0000-000000000035');
INSERT INTO DoctorOffices VALUES('00000000-0000-0000-0001-00000000013', '00000000-0000-0000-0000-000000000035');
INSERT INTO DoctorOffices VALUES('00000000-0000-0000-0001-00000000239', '00000000-0000-0000-0000-000000000002');
INSERT INTO DoctorOffices VALUES('00000000-0000-0000-0001-00000000226', '00000000-0000-0000-0000-000000000002');
INSERT INTO DoctorOffices VALUES('00000000-0000-0000-0001-00000000220', '00000000-0000-0000-0000-000000000002');
INSERT INTO DoctorOffices VALUES('00000000-0000-0000-0001-00000000213', '00000000-0000-0000-0000-000000000002');
INSERT INTO DoctorOffices VALUES('00000000-0000-0000-0001-00000000199', '00000000-0000-0000-0000-000000000002');
INSERT INTO DoctorOffices VALUES('00000000-0000-0000-0001-00000000197', '00000000-0000-0000-0000-000000000002');
INSERT INTO DoctorOffices VALUES('00000000-0000-0000-0001-00000000192', '00000000-0000-0000-0000-000000000002');
INSERT INTO DoctorOffices VALUES('00000000-0000-0000-0001-00000000185', '00000000-0000-0000-0000-000000000002');
INSERT INTO DoctorOffices VALUES('00000000-0000-0000-0001-00000000183', '00000000-0000-0000-0000-000000000002');
INSERT INTO DoctorOffices VALUES('00000000-0000-0000-0001-00000000182', '00000000-0000-0000-0000-000000000002');
INSERT INTO DoctorOffices VALUES('00000000-0000-0000-0001-00000000175', '00000000-0000-0000-0000-000000000002');
INSERT INTO DoctorOffices VALUES('00000000-0000-0000-0001-00000000166', '00000000-0000-0000-0000-000000000002');
INSERT INTO DoctorOffices VALUES('00000000-0000-0000-0001-00000000138', '00000000-0000-0000-0000-000000000002');
INSERT INTO DoctorOffices VALUES('00000000-0000-0000-0001-00000000119', '00000000-0000-0000-0000-000000000002');
INSERT INTO DoctorOffices VALUES('00000000-0000-0000-0001-00000000089', '00000000-0000-0000-0000-000000000002');
INSERT INTO DoctorOffices VALUES('00000000-0000-0000-0001-00000000081', '00000000-0000-0000-0000-000000000002');
INSERT INTO DoctorOffices VALUES('00000000-0000-0000-0001-00000000061', '00000000-0000-0000-0000-000000000002');
INSERT INTO DoctorOffices VALUES('00000000-0000-0000-0001-00000000046', '00000000-0000-0000-0000-000000000002');
INSERT INTO DoctorOffices VALUES('00000000-0000-0000-0001-00000000045', '00000000-0000-0000-0000-000000000002');
INSERT INTO DoctorOffices VALUES('00000000-0000-0000-0001-00000000040', '00000000-0000-0000-0000-000000000002');
INSERT INTO DoctorOffices VALUES('00000000-0000-0000-0001-00000000034', '00000000-0000-0000-0000-000000000002');
INSERT INTO DoctorOffices VALUES('00000000-0000-0000-0001-00000000029', '00000000-0000-0000-0000-000000000002');
INSERT INTO DoctorOffices VALUES('00000000-0000-0000-0001-00000000028', '00000000-0000-0000-0000-000000000002');
INSERT INTO DoctorOffices VALUES('00000000-0000-0000-0001-00000000019', '00000000-0000-0000-0000-000000000002');
INSERT INTO DoctorOffices VALUES('00000000-0000-0000-0001-00000000006', '00000000-0000-0000-0000-000000000002');
INSERT INTO DoctorOffices VALUES('00000000-0000-0000-0001-00000000005', '00000000-0000-0000-0000-000000000002');
INSERT INTO DoctorOffices VALUES('00000000-0000-0000-0001-00000000135', '00000000-0000-0000-0000-000000000040');
INSERT INTO DoctorOffices VALUES('00000000-0000-0000-0001-00000000037', '00000000-0000-0000-0000-000000000040');
INSERT INTO DoctorOffices VALUES('00000000-0000-0000-0001-00000000218', '00000000-0000-0000-0000-000000000003');
INSERT INTO DoctorOffices VALUES('00000000-0000-0000-0001-00000000164', '00000000-0000-0000-0000-000000000003');
INSERT INTO DoctorOffices VALUES('00000000-0000-0000-0001-00000000086', '00000000-0000-0000-0000-000000000003');
INSERT INTO DoctorOffices VALUES('00000000-0000-0000-0001-00000000238', '00000000-0000-0000-0000-000000000054');
INSERT INTO DoctorOffices VALUES('00000000-0000-0000-0001-00000000233', '00000000-0000-0000-0000-000000000054');
INSERT INTO DoctorOffices VALUES('00000000-0000-0000-0001-00000000222', '00000000-0000-0000-0000-000000000054');
INSERT INTO DoctorOffices VALUES('00000000-0000-0000-0001-00000000170', '00000000-0000-0000-0000-000000000054');
INSERT INTO DoctorOffices VALUES('00000000-0000-0000-0001-00000000153', '00000000-0000-0000-0000-000000000054');
INSERT INTO DoctorOffices VALUES('00000000-0000-0000-0001-00000000147', '00000000-0000-0000-0000-000000000054');
INSERT INTO DoctorOffices VALUES('00000000-0000-0000-0001-00000000202', '00000000-0000-0000-0000-000000000029');
INSERT INTO DoctorOffices VALUES('00000000-0000-0000-0001-00000000172', '00000000-0000-0000-0000-000000000029');
INSERT INTO DoctorOffices VALUES('00000000-0000-0000-0001-00000000148', '00000000-0000-0000-0000-000000000029');
INSERT INTO DoctorOffices VALUES('00000000-0000-0000-0001-00000000139', '00000000-0000-0000-0000-000000000029');
INSERT INTO DoctorOffices VALUES('00000000-0000-0000-0001-00000000128', '00000000-0000-0000-0000-000000000029');
INSERT INTO DoctorOffices VALUES('00000000-0000-0000-0001-00000000120', '00000000-0000-0000-0000-000000000029');
INSERT INTO DoctorOffices VALUES('00000000-0000-0000-0001-00000000085', '00000000-0000-0000-0000-000000000029');
INSERT INTO DoctorOffices VALUES('00000000-0000-0000-0001-00000000054', '00000000-0000-0000-0000-000000000029');
INSERT INTO DoctorOffices VALUES('00000000-0000-0000-0001-00000000039', '00000000-0000-0000-0000-000000000029');
INSERT INTO DoctorOffices VALUES('00000000-0000-0000-0001-00000000234', '00000000-0000-0000-0000-000000000009');
INSERT INTO DoctorOffices VALUES('00000000-0000-0000-0001-00000000229', '00000000-0000-0000-0000-000000000009');
INSERT INTO DoctorOffices VALUES('00000000-0000-0000-0001-00000000159', '00000000-0000-0000-0000-000000000009');
INSERT INTO DoctorOffices VALUES('00000000-0000-0000-0001-00000000116', '00000000-0000-0000-0000-000000000009');
INSERT INTO DoctorOffices VALUES('00000000-0000-0000-0001-00000000080', '00000000-0000-0000-0000-000000000009');
INSERT INTO DoctorOffices VALUES('00000000-0000-0000-0001-00000000041', '00000000-0000-0000-0000-000000000009');
INSERT INTO DoctorOffices VALUES('00000000-0000-0000-0001-00000000027', '00000000-0000-0000-0000-000000000009');
INSERT INTO DoctorOffices VALUES('00000000-0000-0000-0001-00000000205', '00000000-0000-0000-0000-000000000058');
INSERT INTO DoctorOffices VALUES('00000000-0000-0000-0001-00000000196', '00000000-0000-0000-0000-000000000058');
INSERT INTO DoctorOffices VALUES('00000000-0000-0000-0001-00000000149', '00000000-0000-0000-0000-000000000058');
INSERT INTO DoctorOffices VALUES('00000000-0000-0000-0001-00000000143', '00000000-0000-0000-0000-000000000058');
INSERT INTO DoctorOffices VALUES('00000000-0000-0000-0001-00000000068', '00000000-0000-0000-0000-000000000058');
INSERT INTO DoctorOffices VALUES('00000000-0000-0000-0001-00000000167', '00000000-0000-0000-0000-000000000025');
INSERT INTO DoctorOffices VALUES('00000000-0000-0000-0001-00000000142', '00000000-0000-0000-0000-000000000025');
INSERT INTO DoctorOffices VALUES('00000000-0000-0000-0001-00000000063', '00000000-0000-0000-0000-000000000025');
INSERT INTO DoctorOffices VALUES('00000000-0000-0000-0001-00000000225', '00000000-0000-0000-0000-000000000076');
INSERT INTO DoctorOffices VALUES('00000000-0000-0000-0001-00000000221', '00000000-0000-0000-0000-000000000076');
INSERT INTO DoctorOffices VALUES('00000000-0000-0000-0001-00000000207', '00000000-0000-0000-0000-000000000076');
INSERT INTO DoctorOffices VALUES('00000000-0000-0000-0001-00000000191', '00000000-0000-0000-0000-000000000076');
INSERT INTO DoctorOffices VALUES('00000000-0000-0000-0001-00000000186', '00000000-0000-0000-0000-000000000076');
INSERT INTO DoctorOffices VALUES('00000000-0000-0000-0001-00000000155', '00000000-0000-0000-0000-000000000076');
INSERT INTO DoctorOffices VALUES('00000000-0000-0000-0001-00000000145', '00000000-0000-0000-0000-000000000076');
INSERT INTO DoctorOffices VALUES('00000000-0000-0000-0001-00000000123', '00000000-0000-0000-0000-000000000076');
INSERT INTO DoctorOffices VALUES('00000000-0000-0000-0001-00000000103', '00000000-0000-0000-0000-000000000076');
INSERT INTO DoctorOffices VALUES('00000000-0000-0000-0001-00000000071', '00000000-0000-0000-0000-000000000076');
INSERT INTO DoctorOffices VALUES('00000000-0000-0000-0001-00000000025', '00000000-0000-0000-0000-000000000076');
INSERT INTO DoctorOffices VALUES('00000000-0000-0000-0001-00000000178', '00000000-0000-0000-0000-000000000044');
INSERT INTO DoctorOffices VALUES('00000000-0000-0000-0001-00000000127', '00000000-0000-0000-0000-000000000044');
INSERT INTO DoctorOffices VALUES('00000000-0000-0000-0001-00000000121', '00000000-0000-0000-0000-000000000044');
INSERT INTO DoctorOffices VALUES('00000000-0000-0000-0001-00000000065', '00000000-0000-0000-0000-000000000044');
INSERT INTO DoctorOffices VALUES('00000000-0000-0000-0001-00000000038', '00000000-0000-0000-0000-000000000044');
INSERT INTO DoctorOffices VALUES('00000000-0000-0000-0001-00000000023', '00000000-0000-0000-0000-000000000044');
INSERT INTO DoctorOffices VALUES('00000000-0000-0000-0001-00000000013', '00000000-0000-0000-0000-000000000044');
INSERT INTO DoctorOffices VALUES('00000000-0000-0000-0001-00000000239', '00000000-0000-0000-0000-000000000013');
INSERT INTO DoctorOffices VALUES('00000000-0000-0000-0001-00000000226', '00000000-0000-0000-0000-000000000013');
INSERT INTO DoctorOffices VALUES('00000000-0000-0000-0001-00000000220', '00000000-0000-0000-0000-000000000013');
INSERT INTO DoctorOffices VALUES('00000000-0000-0000-0001-00000000213', '00000000-0000-0000-0000-000000000013');
INSERT INTO DoctorOffices VALUES('00000000-0000-0000-0001-00000000199', '00000000-0000-0000-0000-000000000013');
INSERT INTO DoctorOffices VALUES('00000000-0000-0000-0001-00000000197', '00000000-0000-0000-0000-000000000013');
INSERT INTO DoctorOffices VALUES('00000000-0000-0000-0001-00000000192', '00000000-0000-0000-0000-000000000013');
INSERT INTO DoctorOffices VALUES('00000000-0000-0000-0001-00000000185', '00000000-0000-0000-0000-000000000013');
INSERT INTO DoctorOffices VALUES('00000000-0000-0000-0001-00000000183', '00000000-0000-0000-0000-000000000013');
INSERT INTO DoctorOffices VALUES('00000000-0000-0000-0001-00000000182', '00000000-0000-0000-0000-000000000013');
INSERT INTO DoctorOffices VALUES('00000000-0000-0000-0001-00000000175', '00000000-0000-0000-0000-000000000013');
INSERT INTO DoctorOffices VALUES('00000000-0000-0000-0001-00000000166', '00000000-0000-0000-0000-000000000013');
INSERT INTO DoctorOffices VALUES('00000000-0000-0000-0001-00000000138', '00000000-0000-0000-0000-000000000013');
INSERT INTO DoctorOffices VALUES('00000000-0000-0000-0001-00000000119', '00000000-0000-0000-0000-000000000013');
INSERT INTO DoctorOffices VALUES('00000000-0000-0000-0001-00000000089', '00000000-0000-0000-0000-000000000013');
INSERT INTO DoctorOffices VALUES('00000000-0000-0000-0001-00000000081', '00000000-0000-0000-0000-000000000013');
INSERT INTO DoctorOffices VALUES('00000000-0000-0000-0001-00000000061', '00000000-0000-0000-0000-000000000013');
INSERT INTO DoctorOffices VALUES('00000000-0000-0000-0001-00000000046', '00000000-0000-0000-0000-000000000013');
INSERT INTO DoctorOffices VALUES('00000000-0000-0000-0001-00000000045', '00000000-0000-0000-0000-000000000013');
INSERT INTO DoctorOffices VALUES('00000000-0000-0000-0001-00000000040', '00000000-0000-0000-0000-000000000013');
INSERT INTO DoctorOffices VALUES('00000000-0000-0000-0001-00000000034', '00000000-0000-0000-0000-000000000013');
INSERT INTO DoctorOffices VALUES('00000000-0000-0000-0001-00000000029', '00000000-0000-0000-0000-000000000013');
INSERT INTO DoctorOffices VALUES('00000000-0000-0000-0001-00000000028', '00000000-0000-0000-0000-000000000013');
INSERT INTO DoctorOffices VALUES('00000000-0000-0000-0001-00000000019', '00000000-0000-0000-0000-000000000013');
INSERT INTO DoctorOffices VALUES('00000000-0000-0000-0001-00000000006', '00000000-0000-0000-0000-000000000013');
INSERT INTO DoctorOffices VALUES('00000000-0000-0000-0001-00000000005', '00000000-0000-0000-0000-000000000013');
INSERT INTO DoctorOffices VALUES('00000000-0000-0000-0001-00000000218', '00000000-0000-0000-0000-000000000075');
INSERT INTO DoctorOffices VALUES('00000000-0000-0000-0001-00000000164', '00000000-0000-0000-0000-000000000075');
INSERT INTO DoctorOffices VALUES('00000000-0000-0000-0001-00000000086', '00000000-0000-0000-0000-000000000075');
INSERT INTO DoctorOffices VALUES('00000000-0000-0000-0001-00000000167', '00000000-0000-0000-0000-000000000085');
INSERT INTO DoctorOffices VALUES('00000000-0000-0000-0001-00000000142', '00000000-0000-0000-0000-000000000085');
INSERT INTO DoctorOffices VALUES('00000000-0000-0000-0001-00000000063', '00000000-0000-0000-0000-000000000085');
INSERT INTO DoctorOffices VALUES('00000000-0000-0000-0001-00000000178', '00000000-0000-0000-0000-000000000053');
INSERT INTO DoctorOffices VALUES('00000000-0000-0000-0001-00000000127', '00000000-0000-0000-0000-000000000053');
INSERT INTO DoctorOffices VALUES('00000000-0000-0000-0001-00000000121', '00000000-0000-0000-0000-000000000053');
INSERT INTO DoctorOffices VALUES('00000000-0000-0000-0001-00000000065', '00000000-0000-0000-0000-000000000053');
INSERT INTO DoctorOffices VALUES('00000000-0000-0000-0001-00000000038', '00000000-0000-0000-0000-000000000053');
INSERT INTO DoctorOffices VALUES('00000000-0000-0000-0001-00000000023', '00000000-0000-0000-0000-000000000053');
INSERT INTO DoctorOffices VALUES('00000000-0000-0000-0001-00000000013', '00000000-0000-0000-0000-000000000053');
INSERT INTO DoctorOffices VALUES('00000000-0000-0000-0001-00000000239', '00000000-0000-0000-0000-000000000024');
INSERT INTO DoctorOffices VALUES('00000000-0000-0000-0001-00000000226', '00000000-0000-0000-0000-000000000024');
INSERT INTO DoctorOffices VALUES('00000000-0000-0000-0001-00000000220', '00000000-0000-0000-0000-000000000024');
INSERT INTO DoctorOffices VALUES('00000000-0000-0000-0001-00000000213', '00000000-0000-0000-0000-000000000024');
INSERT INTO DoctorOffices VALUES('00000000-0000-0000-0001-00000000199', '00000000-0000-0000-0000-000000000024');
INSERT INTO DoctorOffices VALUES('00000000-0000-0000-0001-00000000197', '00000000-0000-0000-0000-000000000024');
INSERT INTO DoctorOffices VALUES('00000000-0000-0000-0001-00000000192', '00000000-0000-0000-0000-000000000024');
INSERT INTO DoctorOffices VALUES('00000000-0000-0000-0001-00000000185', '00000000-0000-0000-0000-000000000024');
INSERT INTO DoctorOffices VALUES('00000000-0000-0000-0001-00000000183', '00000000-0000-0000-0000-000000000024');
INSERT INTO DoctorOffices VALUES('00000000-0000-0000-0001-00000000182', '00000000-0000-0000-0000-000000000024');
INSERT INTO DoctorOffices VALUES('00000000-0000-0000-0001-00000000175', '00000000-0000-0000-0000-000000000024');
INSERT INTO DoctorOffices VALUES('00000000-0000-0000-0001-00000000166', '00000000-0000-0000-0000-000000000024');
INSERT INTO DoctorOffices VALUES('00000000-0000-0000-0001-00000000138', '00000000-0000-0000-0000-000000000024');
INSERT INTO DoctorOffices VALUES('00000000-0000-0000-0001-00000000119', '00000000-0000-0000-0000-000000000024');
INSERT INTO DoctorOffices VALUES('00000000-0000-0000-0001-00000000089', '00000000-0000-0000-0000-000000000024');
INSERT INTO DoctorOffices VALUES('00000000-0000-0000-0001-00000000081', '00000000-0000-0000-0000-000000000024');
INSERT INTO DoctorOffices VALUES('00000000-0000-0000-0001-00000000061', '00000000-0000-0000-0000-000000000024');
INSERT INTO DoctorOffices VALUES('00000000-0000-0000-0001-00000000046', '00000000-0000-0000-0000-000000000024');
INSERT INTO DoctorOffices VALUES('00000000-0000-0000-0001-00000000045', '00000000-0000-0000-0000-000000000024');
INSERT INTO DoctorOffices VALUES('00000000-0000-0000-0001-00000000040', '00000000-0000-0000-0000-000000000024');
INSERT INTO DoctorOffices VALUES('00000000-0000-0000-0001-00000000034', '00000000-0000-0000-0000-000000000024');
INSERT INTO DoctorOffices VALUES('00000000-0000-0000-0001-00000000029', '00000000-0000-0000-0000-000000000024');
INSERT INTO DoctorOffices VALUES('00000000-0000-0000-0001-00000000028', '00000000-0000-0000-0000-000000000024');
INSERT INTO DoctorOffices VALUES('00000000-0000-0000-0001-00000000019', '00000000-0000-0000-0000-000000000024');
INSERT INTO DoctorOffices VALUES('00000000-0000-0000-0001-00000000006', '00000000-0000-0000-0000-000000000024');
INSERT INTO DoctorOffices VALUES('00000000-0000-0000-0001-00000000005', '00000000-0000-0000-0000-000000000024');
INSERT INTO DoctorOffices VALUES('00000000-0000-0000-0001-00000000239', '00000000-0000-0000-0000-000000000028');
INSERT INTO DoctorOffices VALUES('00000000-0000-0000-0001-00000000226', '00000000-0000-0000-0000-000000000028');
INSERT INTO DoctorOffices VALUES('00000000-0000-0000-0001-00000000220', '00000000-0000-0000-0000-000000000028');
INSERT INTO DoctorOffices VALUES('00000000-0000-0000-0001-00000000213', '00000000-0000-0000-0000-000000000028');
INSERT INTO DoctorOffices VALUES('00000000-0000-0000-0001-00000000199', '00000000-0000-0000-0000-000000000028');
INSERT INTO DoctorOffices VALUES('00000000-0000-0000-0001-00000000197', '00000000-0000-0000-0000-000000000028');
INSERT INTO DoctorOffices VALUES('00000000-0000-0000-0001-00000000192', '00000000-0000-0000-0000-000000000028');
INSERT INTO DoctorOffices VALUES('00000000-0000-0000-0001-00000000185', '00000000-0000-0000-0000-000000000028');
INSERT INTO DoctorOffices VALUES('00000000-0000-0000-0001-00000000183', '00000000-0000-0000-0000-000000000028');
INSERT INTO DoctorOffices VALUES('00000000-0000-0000-0001-00000000182', '00000000-0000-0000-0000-000000000028');
INSERT INTO DoctorOffices VALUES('00000000-0000-0000-0001-00000000175', '00000000-0000-0000-0000-000000000028');
INSERT INTO DoctorOffices VALUES('00000000-0000-0000-0001-00000000166', '00000000-0000-0000-0000-000000000028');
INSERT INTO DoctorOffices VALUES('00000000-0000-0000-0001-00000000138', '00000000-0000-0000-0000-000000000028');
INSERT INTO DoctorOffices VALUES('00000000-0000-0000-0001-00000000119', '00000000-0000-0000-0000-000000000028');
INSERT INTO DoctorOffices VALUES('00000000-0000-0000-0001-00000000089', '00000000-0000-0000-0000-000000000028');
INSERT INTO DoctorOffices VALUES('00000000-0000-0000-0001-00000000081', '00000000-0000-0000-0000-000000000028');
INSERT INTO DoctorOffices VALUES('00000000-0000-0000-0001-00000000061', '00000000-0000-0000-0000-000000000028');
INSERT INTO DoctorOffices VALUES('00000000-0000-0000-0001-00000000046', '00000000-0000-0000-0000-000000000028');
INSERT INTO DoctorOffices VALUES('00000000-0000-0000-0001-00000000045', '00000000-0000-0000-0000-000000000028');
INSERT INTO DoctorOffices VALUES('00000000-0000-0000-0001-00000000040', '00000000-0000-0000-0000-000000000028');
INSERT INTO DoctorOffices VALUES('00000000-0000-0000-0001-00000000034', '00000000-0000-0000-0000-000000000028');
INSERT INTO DoctorOffices VALUES('00000000-0000-0000-0001-00000000029', '00000000-0000-0000-0000-000000000028');
INSERT INTO DoctorOffices VALUES('00000000-0000-0000-0001-00000000028', '00000000-0000-0000-0000-000000000028');
INSERT INTO DoctorOffices VALUES('00000000-0000-0000-0001-00000000019', '00000000-0000-0000-0000-000000000028');
INSERT INTO DoctorOffices VALUES('00000000-0000-0000-0001-00000000006', '00000000-0000-0000-0000-000000000028');
INSERT INTO DoctorOffices VALUES('00000000-0000-0000-0001-00000000005', '00000000-0000-0000-0000-000000000028');
INSERT INTO DoctorOffices VALUES('00000000-0000-0000-0001-00000000239', '00000000-0000-0000-0000-000000000031');
INSERT INTO DoctorOffices VALUES('00000000-0000-0000-0001-00000000226', '00000000-0000-0000-0000-000000000031');
INSERT INTO DoctorOffices VALUES('00000000-0000-0000-0001-00000000220', '00000000-0000-0000-0000-000000000031');
INSERT INTO DoctorOffices VALUES('00000000-0000-0000-0001-00000000213', '00000000-0000-0000-0000-000000000031');
INSERT INTO DoctorOffices VALUES('00000000-0000-0000-0001-00000000199', '00000000-0000-0000-0000-000000000031');
INSERT INTO DoctorOffices VALUES('00000000-0000-0000-0001-00000000197', '00000000-0000-0000-0000-000000000031');
INSERT INTO DoctorOffices VALUES('00000000-0000-0000-0001-00000000192', '00000000-0000-0000-0000-000000000031');
INSERT INTO DoctorOffices VALUES('00000000-0000-0000-0001-00000000185', '00000000-0000-0000-0000-000000000031');
INSERT INTO DoctorOffices VALUES('00000000-0000-0000-0001-00000000183', '00000000-0000-0000-0000-000000000031');
INSERT INTO DoctorOffices VALUES('00000000-0000-0000-0001-00000000182', '00000000-0000-0000-0000-000000000031');
INSERT INTO DoctorOffices VALUES('00000000-0000-0000-0001-00000000175', '00000000-0000-0000-0000-000000000031');
INSERT INTO DoctorOffices VALUES('00000000-0000-0000-0001-00000000166', '00000000-0000-0000-0000-000000000031');
INSERT INTO DoctorOffices VALUES('00000000-0000-0000-0001-00000000138', '00000000-0000-0000-0000-000000000031');
INSERT INTO DoctorOffices VALUES('00000000-0000-0000-0001-00000000119', '00000000-0000-0000-0000-000000000031');
INSERT INTO DoctorOffices VALUES('00000000-0000-0000-0001-00000000089', '00000000-0000-0000-0000-000000000031');
INSERT INTO DoctorOffices VALUES('00000000-0000-0000-0001-00000000081', '00000000-0000-0000-0000-000000000031');
INSERT INTO DoctorOffices VALUES('00000000-0000-0000-0001-00000000061', '00000000-0000-0000-0000-000000000031');
INSERT INTO DoctorOffices VALUES('00000000-0000-0000-0001-00000000046', '00000000-0000-0000-0000-000000000031');
INSERT INTO DoctorOffices VALUES('00000000-0000-0000-0001-00000000045', '00000000-0000-0000-0000-000000000031');
INSERT INTO DoctorOffices VALUES('00000000-0000-0000-0001-00000000040', '00000000-0000-0000-0000-000000000031');
INSERT INTO DoctorOffices VALUES('00000000-0000-0000-0001-00000000034', '00000000-0000-0000-0000-000000000031');
INSERT INTO DoctorOffices VALUES('00000000-0000-0000-0001-00000000029', '00000000-0000-0000-0000-000000000031');
INSERT INTO DoctorOffices VALUES('00000000-0000-0000-0001-00000000028', '00000000-0000-0000-0000-000000000031');
INSERT INTO DoctorOffices VALUES('00000000-0000-0000-0001-00000000019', '00000000-0000-0000-0000-000000000031');
INSERT INTO DoctorOffices VALUES('00000000-0000-0000-0001-00000000006', '00000000-0000-0000-0000-000000000031');
INSERT INTO DoctorOffices VALUES('00000000-0000-0000-0001-00000000005', '00000000-0000-0000-0000-000000000031');
INSERT INTO DoctorOffices VALUES('00000000-0000-0000-0001-00000000239', '00000000-0000-0000-0000-000000000036');
INSERT INTO DoctorOffices VALUES('00000000-0000-0000-0001-00000000226', '00000000-0000-0000-0000-000000000036');
INSERT INTO DoctorOffices VALUES('00000000-0000-0000-0001-00000000220', '00000000-0000-0000-0000-000000000036');
INSERT INTO DoctorOffices VALUES('00000000-0000-0000-0001-00000000213', '00000000-0000-0000-0000-000000000036');
INSERT INTO DoctorOffices VALUES('00000000-0000-0000-0001-00000000199', '00000000-0000-0000-0000-000000000036');
INSERT INTO DoctorOffices VALUES('00000000-0000-0000-0001-00000000197', '00000000-0000-0000-0000-000000000036');
INSERT INTO DoctorOffices VALUES('00000000-0000-0000-0001-00000000192', '00000000-0000-0000-0000-000000000036');
INSERT INTO DoctorOffices VALUES('00000000-0000-0000-0001-00000000185', '00000000-0000-0000-0000-000000000036');
INSERT INTO DoctorOffices VALUES('00000000-0000-0000-0001-00000000183', '00000000-0000-0000-0000-000000000036');
INSERT INTO DoctorOffices VALUES('00000000-0000-0000-0001-00000000182', '00000000-0000-0000-0000-000000000036');
INSERT INTO DoctorOffices VALUES('00000000-0000-0000-0001-00000000175', '00000000-0000-0000-0000-000000000036');
INSERT INTO DoctorOffices VALUES('00000000-0000-0000-0001-00000000166', '00000000-0000-0000-0000-000000000036');
INSERT INTO DoctorOffices VALUES('00000000-0000-0000-0001-00000000138', '00000000-0000-0000-0000-000000000036');
INSERT INTO DoctorOffices VALUES('00000000-0000-0000-0001-00000000119', '00000000-0000-0000-0000-000000000036');
INSERT INTO DoctorOffices VALUES('00000000-0000-0000-0001-00000000089', '00000000-0000-0000-0000-000000000036');
INSERT INTO DoctorOffices VALUES('00000000-0000-0000-0001-00000000081', '00000000-0000-0000-0000-000000000036');
INSERT INTO DoctorOffices VALUES('00000000-0000-0000-0001-00000000061', '00000000-0000-0000-0000-000000000036');
INSERT INTO DoctorOffices VALUES('00000000-0000-0000-0001-00000000046', '00000000-0000-0000-0000-000000000036');
INSERT INTO DoctorOffices VALUES('00000000-0000-0000-0001-00000000045', '00000000-0000-0000-0000-000000000036');
INSERT INTO DoctorOffices VALUES('00000000-0000-0000-0001-00000000040', '00000000-0000-0000-0000-000000000036');
INSERT INTO DoctorOffices VALUES('00000000-0000-0000-0001-00000000034', '00000000-0000-0000-0000-000000000036');
INSERT INTO DoctorOffices VALUES('00000000-0000-0000-0001-00000000029', '00000000-0000-0000-0000-000000000036');
INSERT INTO DoctorOffices VALUES('00000000-0000-0000-0001-00000000028', '00000000-0000-0000-0000-000000000036');
INSERT INTO DoctorOffices VALUES('00000000-0000-0000-0001-00000000019', '00000000-0000-0000-0000-000000000036');
INSERT INTO DoctorOffices VALUES('00000000-0000-0000-0001-00000000006', '00000000-0000-0000-0000-000000000036');
INSERT INTO DoctorOffices VALUES('00000000-0000-0000-0001-00000000005', '00000000-0000-0000-0000-000000000036');
INSERT INTO DoctorOffices VALUES('00000000-0000-0000-0001-00000000239', '00000000-0000-0000-0000-000000000050');
INSERT INTO DoctorOffices VALUES('00000000-0000-0000-0001-00000000226', '00000000-0000-0000-0000-000000000050');
INSERT INTO DoctorOffices VALUES('00000000-0000-0000-0001-00000000220', '00000000-0000-0000-0000-000000000050');
INSERT INTO DoctorOffices VALUES('00000000-0000-0000-0001-00000000213', '00000000-0000-0000-0000-000000000050');
INSERT INTO DoctorOffices VALUES('00000000-0000-0000-0001-00000000199', '00000000-0000-0000-0000-000000000050');
INSERT INTO DoctorOffices VALUES('00000000-0000-0000-0001-00000000197', '00000000-0000-0000-0000-000000000050');
INSERT INTO DoctorOffices VALUES('00000000-0000-0000-0001-00000000192', '00000000-0000-0000-0000-000000000050');
INSERT INTO DoctorOffices VALUES('00000000-0000-0000-0001-00000000185', '00000000-0000-0000-0000-000000000050');
INSERT INTO DoctorOffices VALUES('00000000-0000-0000-0001-00000000183', '00000000-0000-0000-0000-000000000050');
INSERT INTO DoctorOffices VALUES('00000000-0000-0000-0001-00000000182', '00000000-0000-0000-0000-000000000050');
INSERT INTO DoctorOffices VALUES('00000000-0000-0000-0001-00000000175', '00000000-0000-0000-0000-000000000050');
INSERT INTO DoctorOffices VALUES('00000000-0000-0000-0001-00000000166', '00000000-0000-0000-0000-000000000050');
INSERT INTO DoctorOffices VALUES('00000000-0000-0000-0001-00000000138', '00000000-0000-0000-0000-000000000050');
INSERT INTO DoctorOffices VALUES('00000000-0000-0000-0001-00000000119', '00000000-0000-0000-0000-000000000050');
INSERT INTO DoctorOffices VALUES('00000000-0000-0000-0001-00000000089', '00000000-0000-0000-0000-000000000050');
INSERT INTO DoctorOffices VALUES('00000000-0000-0000-0001-00000000081', '00000000-0000-0000-0000-000000000050');
INSERT INTO DoctorOffices VALUES('00000000-0000-0000-0001-00000000061', '00000000-0000-0000-0000-000000000050');
INSERT INTO DoctorOffices VALUES('00000000-0000-0000-0001-00000000046', '00000000-0000-0000-0000-000000000050');
INSERT INTO DoctorOffices VALUES('00000000-0000-0000-0001-00000000045', '00000000-0000-0000-0000-000000000050');
INSERT INTO DoctorOffices VALUES('00000000-0000-0000-0001-00000000040', '00000000-0000-0000-0000-000000000050');
INSERT INTO DoctorOffices VALUES('00000000-0000-0000-0001-00000000034', '00000000-0000-0000-0000-000000000050');
INSERT INTO DoctorOffices VALUES('00000000-0000-0000-0001-00000000029', '00000000-0000-0000-0000-000000000050');
INSERT INTO DoctorOffices VALUES('00000000-0000-0000-0001-00000000028', '00000000-0000-0000-0000-000000000050');
INSERT INTO DoctorOffices VALUES('00000000-0000-0000-0001-00000000019', '00000000-0000-0000-0000-000000000050');
INSERT INTO DoctorOffices VALUES('00000000-0000-0000-0001-00000000006', '00000000-0000-0000-0000-000000000050');
INSERT INTO DoctorOffices VALUES('00000000-0000-0000-0001-00000000005', '00000000-0000-0000-0000-000000000050');
INSERT INTO DoctorOffices VALUES('00000000-0000-0000-0001-00000000239', '00000000-0000-0000-0000-000000000071');
INSERT INTO DoctorOffices VALUES('00000000-0000-0000-0001-00000000226', '00000000-0000-0000-0000-000000000071');
INSERT INTO DoctorOffices VALUES('00000000-0000-0000-0001-00000000220', '00000000-0000-0000-0000-000000000071');
INSERT INTO DoctorOffices VALUES('00000000-0000-0000-0001-00000000213', '00000000-0000-0000-0000-000000000071');
INSERT INTO DoctorOffices VALUES('00000000-0000-0000-0001-00000000199', '00000000-0000-0000-0000-000000000071');
INSERT INTO DoctorOffices VALUES('00000000-0000-0000-0001-00000000197', '00000000-0000-0000-0000-000000000071');
INSERT INTO DoctorOffices VALUES('00000000-0000-0000-0001-00000000192', '00000000-0000-0000-0000-000000000071');
INSERT INTO DoctorOffices VALUES('00000000-0000-0000-0001-00000000185', '00000000-0000-0000-0000-000000000071');
INSERT INTO DoctorOffices VALUES('00000000-0000-0000-0001-00000000183', '00000000-0000-0000-0000-000000000071');
INSERT INTO DoctorOffices VALUES('00000000-0000-0000-0001-00000000182', '00000000-0000-0000-0000-000000000071');
INSERT INTO DoctorOffices VALUES('00000000-0000-0000-0001-00000000175', '00000000-0000-0000-0000-000000000071');
INSERT INTO DoctorOffices VALUES('00000000-0000-0000-0001-00000000166', '00000000-0000-0000-0000-000000000071');
INSERT INTO DoctorOffices VALUES('00000000-0000-0000-0001-00000000138', '00000000-0000-0000-0000-000000000071');
INSERT INTO DoctorOffices VALUES('00000000-0000-0000-0001-00000000119', '00000000-0000-0000-0000-000000000071');
INSERT INTO DoctorOffices VALUES('00000000-0000-0000-0001-00000000089', '00000000-0000-0000-0000-000000000071');
INSERT INTO DoctorOffices VALUES('00000000-0000-0000-0001-00000000081', '00000000-0000-0000-0000-000000000071');
INSERT INTO DoctorOffices VALUES('00000000-0000-0000-0001-00000000061', '00000000-0000-0000-0000-000000000071');
INSERT INTO DoctorOffices VALUES('00000000-0000-0000-0001-00000000046', '00000000-0000-0000-0000-000000000071');
INSERT INTO DoctorOffices VALUES('00000000-0000-0000-0001-00000000045', '00000000-0000-0000-0000-000000000071');
INSERT INTO DoctorOffices VALUES('00000000-0000-0000-0001-00000000040', '00000000-0000-0000-0000-000000000071');
INSERT INTO DoctorOffices VALUES('00000000-0000-0000-0001-00000000034', '00000000-0000-0000-0000-000000000071');
INSERT INTO DoctorOffices VALUES('00000000-0000-0000-0001-00000000029', '00000000-0000-0000-0000-000000000071');
INSERT INTO DoctorOffices VALUES('00000000-0000-0000-0001-00000000028', '00000000-0000-0000-0000-000000000071');
INSERT INTO DoctorOffices VALUES('00000000-0000-0000-0001-00000000019', '00000000-0000-0000-0000-000000000071');
INSERT INTO DoctorOffices VALUES('00000000-0000-0000-0001-00000000006', '00000000-0000-0000-0000-000000000071');
INSERT INTO DoctorOffices VALUES('00000000-0000-0000-0001-00000000005', '00000000-0000-0000-0000-000000000071');
INSERT INTO DoctorOffices VALUES('00000000-0000-0000-0001-00000000239', '00000000-0000-0000-0000-000000000074');
INSERT INTO DoctorOffices VALUES('00000000-0000-0000-0001-00000000226', '00000000-0000-0000-0000-000000000074');
INSERT INTO DoctorOffices VALUES('00000000-0000-0000-0001-00000000220', '00000000-0000-0000-0000-000000000074');
INSERT INTO DoctorOffices VALUES('00000000-0000-0000-0001-00000000213', '00000000-0000-0000-0000-000000000074');
INSERT INTO DoctorOffices VALUES('00000000-0000-0000-0001-00000000199', '00000000-0000-0000-0000-000000000074');
INSERT INTO DoctorOffices VALUES('00000000-0000-0000-0001-00000000197', '00000000-0000-0000-0000-000000000074');
INSERT INTO DoctorOffices VALUES('00000000-0000-0000-0001-00000000192', '00000000-0000-0000-0000-000000000074');
INSERT INTO DoctorOffices VALUES('00000000-0000-0000-0001-00000000185', '00000000-0000-0000-0000-000000000074');
INSERT INTO DoctorOffices VALUES('00000000-0000-0000-0001-00000000183', '00000000-0000-0000-0000-000000000074');
INSERT INTO DoctorOffices VALUES('00000000-0000-0000-0001-00000000182', '00000000-0000-0000-0000-000000000074');
INSERT INTO DoctorOffices VALUES('00000000-0000-0000-0001-00000000175', '00000000-0000-0000-0000-000000000074');
INSERT INTO DoctorOffices VALUES('00000000-0000-0000-0001-00000000166', '00000000-0000-0000-0000-000000000074');
INSERT INTO DoctorOffices VALUES('00000000-0000-0000-0001-00000000138', '00000000-0000-0000-0000-000000000074');
INSERT INTO DoctorOffices VALUES('00000000-0000-0000-0001-00000000119', '00000000-0000-0000-0000-000000000074');
INSERT INTO DoctorOffices VALUES('00000000-0000-0000-0001-00000000089', '00000000-0000-0000-0000-000000000074');
INSERT INTO DoctorOffices VALUES('00000000-0000-0000-0001-00000000081', '00000000-0000-0000-0000-000000000074');
INSERT INTO DoctorOffices VALUES('00000000-0000-0000-0001-00000000061', '00000000-0000-0000-0000-000000000074');
INSERT INTO DoctorOffices VALUES('00000000-0000-0000-0001-00000000046', '00000000-0000-0000-0000-000000000074');
INSERT INTO DoctorOffices VALUES('00000000-0000-0000-0001-00000000045', '00000000-0000-0000-0000-000000000074');
INSERT INTO DoctorOffices VALUES('00000000-0000-0000-0001-00000000040', '00000000-0000-0000-0000-000000000074');
INSERT INTO DoctorOffices VALUES('00000000-0000-0000-0001-00000000034', '00000000-0000-0000-0000-000000000074');
INSERT INTO DoctorOffices VALUES('00000000-0000-0000-0001-00000000029', '00000000-0000-0000-0000-000000000074');
INSERT INTO DoctorOffices VALUES('00000000-0000-0000-0001-00000000028', '00000000-0000-0000-0000-000000000074');
INSERT INTO DoctorOffices VALUES('00000000-0000-0000-0001-00000000019', '00000000-0000-0000-0000-000000000074');
INSERT INTO DoctorOffices VALUES('00000000-0000-0000-0001-00000000006', '00000000-0000-0000-0000-000000000074');
INSERT INTO DoctorOffices VALUES('00000000-0000-0000-0001-00000000005', '00000000-0000-0000-0000-000000000074');
